steps,time,reward,delta,converged
1,0.0012059999999110005,0.0,0,False
2,0.0023559999999633874,0.0,0.00020507629307189412,False
3,0.005270000000109576,0.0,0.00020853963086494163,False
4,0.0020150000000285218,0.0,0.00020853963086494163,False
5,0.004906000000119093,0.0,0.00020853963086494163,False
6,0.0037399999998797284,0.0,0.00020853963086494163,False
7,0.0020939999999427528,0.0,0.00020853963086494163,False
8,0.0015890000001945737,0.0,0.00020853963086494163,False
9,0.004997000000003027,0.0,0.00020853963086494163,False
10,0.0012429999999312713,0.0,0.00020853963086494163,False
11,0.010764999999992142,0.0,0.00020853963086494163,False
12,0.0031390000001465523,0.0,0.00020853963086494163,False
13,0.00635799999986375,0.0,0.00020853963086494163,False
14,0.0008500000001276931,0.0,0.00020853963086494163,False
15,0.0024950000001808803,0.0,0.00020853963086494163,False
16,0.001374999999825377,0.0,0.00020853963086494163,False
17,0.002303999999867301,0.0,0.00020853963086494163,False
18,0.001759999999876527,0.0,0.00020853963086494163,False
19,0.0005710000000362925,0.0,0.00020853963086494163,False
20,0.0075709999998707644,0.0,0.00020853963086494163,False
21,0.004211999999824911,0.0,0.00020853963086494163,False
22,0.006470000000035725,0.0,0.00021041638859700906,False
23,0.0019929999998566927,0.0,0.00021041638859700906,False
24,0.0020799999999780994,0.0,0.00021041638859700906,False
25,0.0035330000000612927,0.0,0.00021041638859700906,False
26,0.0018930000001091685,0.0,0.00021041638859700906,False
27,0.010979000000133965,0.0,0.00021041638859700906,False
28,0.0006370000000970322,0.0,0.00021041638859700906,False
29,0.004631000000017593,0.0,0.00021041638859700906,False
30,0.002054000000043743,0.0,0.00021041638859700906,False
31,0.002169999999978245,0.0,0.00021041638859700906,False
32,0.0021690000000944565,0.0,0.00021041638859700906,False
33,0.0016430000000582368,0.0,0.00021041638859700906,False
34,0.0009689999999409338,0.0,0.00021041638859700906,False
35,0.006519999999909487,0.0,0.00021041638859700906,False
36,0.0033839999998690473,0.0,0.00021041638859700906,False
37,0.0024990000001707813,0.0,0.00021041638859700906,False
38,0.0031289999999444262,0.0,0.00021041638859700906,False
39,0.005833999999822481,0.0,0.00021041638859700906,False
40,0.0009959999999864522,0.0,0.00021041638859700906,False
41,0.002187000000049011,0.0,0.00021041638859700906,False
42,0.0012609999998858257,0.0,0.00021041638859700906,False
43,0.003238000000010288,0.0,0.00021041638859700906,False
44,0.0015029999999569554,0.0,0.00021041638859700906,False
45,0.0035990000001220324,0.0,0.00021041638859700906,False
46,0.002484999999978754,0.0,0.00021041638859700906,False
47,0.0024730000000090513,0.0,0.00021041638859700906,False
48,0.0016489999998157145,0.0,0.00021041638859700906,False
49,0.0011950000000524597,0.0,0.00021041638859700906,False
50,0.0011749999998755811,0.0,0.00021041638859700906,False
51,0.0025479999999333813,0.0,0.00021041638859700906,False
52,0.0031349999999292777,0.0,0.00021041638859700906,False
53,0.007240000000138025,0.0,0.00021041638859700906,False
54,0.0014810000000125,0.0,0.00021041638859700906,False
55,0.0015409999998610147,0.0,0.00021041638859700906,False
56,0.0034140000000206783,0.0,0.00021041638859700906,False
57,0.0023599999999532884,0.0,0.00021041638859700906,False
58,0.0008689999999660358,0.0,0.00021041638859700906,False
59,0.00268499999992855,0.0,0.00021041638859700906,False
60,0.001099999999951251,0.0,0.00021041638859700906,False
61,0.0011360000000877335,0.0,0.00021041638859700906,False
62,0.0007160000000112632,0.0,0.00021041638859700906,False
63,0.0010100000001784792,0.0,0.00021041638859700906,False
64,0.007604000000128508,0.0,0.00021041638859700906,False
65,0.00102799999990566,0.0,0.00021041638859700906,False
66,0.0021719999999731954,0.0,0.00021041638859700906,False
67,0.005826999999953841,0.0,0.00021041638859700906,False
68,0.0019139999999424617,0.0,0.00021041638859700906,False
69,0.0007270000000971777,0.0,0.00021041638859700906,False
70,0.001944999999977881,0.0,0.00021041638859700906,False
71,0.003885999999965861,0.0,0.00021041638859700906,False
72,0.003717999999935273,0.0,0.00021041638859700906,False
73,0.0011070000000472646,0.0,0.00021041638859700906,False
74,0.0023979999998573476,0.0,0.00021041638859700906,False
75,0.0015369999998711137,0.0,0.00021041638859700906,False
76,0.006652999999914755,0.0,0.00021041638859700906,False
77,0.0023559999999633874,0.0,0.00021041638859700906,False
78,0.0008589999999912834,0.0,0.00021041638859700906,False
79,0.005231999999978143,0.0,0.00021041638859700906,False
80,0.005016999999952532,0.0,0.00021298562619664587,False
81,0.004274000000123124,0.0,0.00021298562619664587,False
82,0.0007930000001579174,0.0,0.00021298562619664587,False
83,0.0018919999999980064,0.0,0.00021298562619664587,False
84,0.003543000000036045,0.0,0.00021298562619664587,False
85,0.0006430000000818836,0.0,0.00021298562619664587,False
86,0.0011889999998402345,0.0,0.00021298562619664587,False
87,0.00084500000002663,0.0,0.00021298562619664587,False
88,0.0019930000000840664,0.0,0.00021298562619664587,False
89,0.0017960000000130094,0.0,0.00021298562619664587,False
90,0.0035620000001017615,0.0,0.00021298562619664587,False
91,0.005147999999962849,0.0,0.00021298562619664587,False
92,0.0017390000000432337,0.0,0.00021298562619664587,False
93,0.0007730000002084125,0.0,0.00021298562619664587,False
94,0.0017619999998714775,0.0,0.00021298562619664587,False
95,0.0005049999999755528,0.0,0.00021298562619664587,False
96,0.002619000000095184,0.0,0.00021298562619664587,False
97,0.00317100000006576,0.0,0.00021298562619664587,False
98,0.0005109999999604042,0.0,0.00021298562619664587,False
99,0.0019380000001092412,0.0,0.00021298562619664587,False
100,0.0028079999999590655,0.0,0.00021298562619664587,False
101,0.002831000000014683,0.0,0.00021298562619664587,False
102,0.0013170000001991866,0.0,0.00021298562619664587,False
103,0.0005699999999251304,0.0,0.00021298562619664587,False
104,0.003500000000030923,0.0,0.00021298562619664587,False
105,0.0018970000000990694,0.0,0.00021298562619664587,False
106,0.001224999999976717,0.0,0.00021298562619664587,False
107,0.0040079999998852145,0.0,0.00021298562619664587,False
108,0.0030039999999189604,0.0,0.00021298562619664587,False
109,0.003852000000051703,0.0,0.00021298562619664587,False
110,0.0015330000001085864,0.0,0.00021298562619664587,False
111,0.005773000000090178,0.0,0.00021298562619664587,False
112,0.002512999999908061,0.0,0.00021298562619664587,False
113,0.0013189999999667634,0.0,0.00021298562619664587,False
114,0.0036849999999049032,0.0,0.00021298562619664587,False
115,0.0021290000001954468,0.0,0.00021298562619664587,False
116,0.002287000000023909,0.0,0.00021298562619664587,False
117,0.0031549999998787825,0.0,0.00021298562619664587,False
118,0.004158999999845037,0.0,0.00021298562619664587,False
119,0.0007729999999810389,0.0,0.00021298562619664587,False
120,0.0016219999999975698,0.0,0.00021298562619664587,False
121,0.003930999999965934,0.0,0.00021298562619664587,False
122,0.0010389999999915744,0.0,0.00021298562619664587,False
123,0.001228999999966618,0.0,0.00021298562619664587,False
124,0.002521999999999025,0.0,0.00021298562619664587,False
125,0.0016439999999420252,0.0,0.00021298562619664587,False
126,0.002234000000044034,0.0,0.00021298562619664587,False
127,0.0009129999998549465,0.0,0.00021298562619664587,False
128,0.005451999999877444,0.0,0.00021298562619664587,False
129,0.006047999999964304,0.0,0.00021298562619664587,False
130,0.0016219999999975698,0.0,0.00021298562619664587,False
131,0.0007709999999860884,0.0,0.00021298562619664587,False
132,0.0033129999999346182,0.0,0.00021298562619664587,False
133,0.0007009999999354477,0.0,0.00021298562619664587,False
134,0.0037290000000211876,0.0,0.00021298562619664587,False
135,0.004252999999835083,0.0,0.00021298562619664587,False
136,0.0005309999999099091,0.0,0.00021298562619664587,False
137,0.001109000000042215,0.0,0.00021298562619664587,False
138,0.004063000000087413,0.0,0.00021298562619664587,False
139,0.0012150000000019645,0.0,0.00021298562619664587,False
140,0.0013309999999364663,0.0,0.00021298562619664587,False
141,0.003713999999945372,0.0,0.00021298562619664587,False
142,0.001794000000018059,0.0,0.00021298562619664587,False
143,0.0018139999999675638,0.0,0.00021298562619664587,False
144,0.0011399999998502608,0.0,0.00021298562619664587,False
145,0.0016219999999975698,0.0,0.00021298562619664587,False
146,0.0010509999999612774,0.0,0.00021298562619664587,False
147,0.0035929999999098072,0.0,0.00021298562619664587,False
148,0.003674999999930151,0.0,0.00021298562619664587,False
149,0.006756999999879554,0.0,0.00021298562619664587,False
150,0.008579999999938082,0.0,0.00021298562619664587,False
151,0.0013670000000729488,0.0,0.00021298562619664587,False
152,0.0009150000000772707,0.0,0.00021298562619664587,False
153,0.001251000000138447,0.0,0.00021298562619664587,False
154,0.0011839999999665451,0.0,0.00021298562619664587,False
155,0.0014640000001691078,0.0,0.00021298562619664587,False
156,0.0009760000000369473,0.0,0.00021298562619664587,False
157,0.001316999999971813,0.0,0.00021298562619664587,False
158,0.0007740000000922009,0.0,0.00021298562619664587,False
159,0.0016560000001391018,0.0,0.00021298562619664587,False
160,0.005583000000115135,0.0,0.00021298562619664587,False
161,0.0020269999999982247,0.0,0.00021298562619664587,False
162,0.00042600000006132177,0.0,0.00021298562619664587,False
163,0.006773000000066531,0.0,0.00021298562619664587,False
164,0.004042000000026746,0.0,0.00021298562619664587,False
165,0.0006419999999707215,0.0,0.00021298562619664587,False
166,0.0024479999999584834,0.0,0.00021298562619664587,False
167,0.0057110000000193395,0.0,0.00021298562619664587,False
168,0.0009350000000267755,0.0,0.00021298562619664587,False
169,0.001387999999906242,0.0,0.00021298562619664587,False
170,0.005539999999882639,0.0,0.00021298562619664587,False
171,0.0015300000000024738,0.0,0.00021298562619664587,False
172,0.0023690000000442524,0.0,0.00021298562619664587,False
173,0.0014019999998708954,0.0,0.00021298562619664587,False
174,0.0004460000000108266,0.0,0.00021298562619664587,False
175,0.002870000000029904,0.0,0.00021298562619664587,False
176,0.0007140000000163127,0.0,0.00021298562619664587,False
177,0.0015909999999621505,0.0,0.00021298562619664587,False
178,0.00064299999985451,0.0,0.00021298562619664587,False
179,0.0036789999999200518,0.0,0.00021298562619664587,False
180,0.0006980000000567088,0.0,0.00021298562619664587,False
181,0.0006140000000414148,0.0,0.00021298562619664587,False
182,0.0007109999999102001,0.0,0.00021298562619664587,False
183,0.003766999999925247,0.0,0.00021298562619664587,False
184,0.003885999999965861,0.0,0.00021298562619664587,False
185,0.0020349999999780266,0.0,0.00021298562619664587,False
186,0.004057000000102562,0.0,0.00021298562619664587,False
187,0.0033919999998488493,0.0,0.00021298562619664587,False
188,0.0013440000000173313,0.0,0.00021298562619664587,False
189,0.0006550000000515865,0.0,0.00021298562619664587,False
190,0.0007789999999658903,0.0,0.00021298562619664587,False
191,0.00064299999985451,0.0,0.00021298562619664587,False
192,0.002504999999928259,0.0,0.00021298562619664587,False
193,0.0013590000000931468,0.0,0.00021298562619664587,False
194,0.0010509999999612774,0.0,0.00021298562619664587,False
195,0.003963000000112515,0.0,0.00021298562619664587,False
196,0.0027749999999286956,0.0,0.00021298562619664587,False
197,0.0013159999998606509,0.0,0.00021298562619664587,False
198,0.0013279999998303538,0.0,0.00021298562619664587,False
199,0.0022599999999783904,0.0,0.00021298562619664587,False
200,0.0016740000000936561,0.0,0.00021298562619664587,False
201,0.0019190000000435248,0.0,0.00021298562619664587,False
202,0.0005080000000816653,0.0,0.00021298562619664587,False
203,0.0036039999999957217,0.0,0.00021298562619664587,False
204,0.003408000000035827,0.0,0.00021298562619664587,False
205,0.00046900000006644404,0.0,0.00021298562619664587,False
206,0.005660000000034415,0.0,0.00021298562619664587,False
207,0.005566000000044369,0.0,0.00021298562619664587,False
208,0.0013950000000022555,0.0,0.00021298562619664587,False
209,0.0017219999999724678,0.0,0.00021298562619664587,False
210,0.0038739999999961583,0.0,0.00021298562619664587,False
211,0.0007400000001780427,0.0,0.00021298562619664587,False
212,0.0005680000001575536,0.0,0.00021298562619664587,False
213,0.0020349999999780266,0.0,0.00021298562619664587,False
214,0.0032230000001618464,0.0,0.00021298562619664587,False
215,0.001993999999967855,0.0,0.00021298562619664587,False
216,0.0015690000000176951,0.0,0.00021298562619664587,False
217,0.0019270000000233267,0.0,0.00021298562619664587,False
218,0.0018459999998867715,0.0,0.00021298562619664587,False
219,0.0018959999999879074,0.0,0.00021298562619664587,False
220,0.004212000000052285,0.0,0.00021298562619664587,False
221,0.0014920000000984146,0.0,0.00021298562619664587,False
222,0.0026239999999688735,0.0,0.00021298562619664587,False
223,0.0014280000000326254,0.0,0.00021298562619664587,False
224,0.0039079999999103165,0.0,0.00021298562619664587,False
225,0.003484000000071319,0.0,0.00021298562619664587,False
226,0.0008109999998850981,0.0,0.00021298562619664587,False
227,0.0006869999999707943,0.0,0.00021298562619664587,False
228,0.009686000000101558,0.0,0.00021298562619664587,False
229,0.002979000000095766,0.0,0.00021298562619664587,False
230,0.002406000000064523,0.0,0.00021298562619664587,False
231,0.0020709999998871353,0.0,0.00021298562619664587,False
232,0.0005750000000261934,0.0,0.00021298562619664587,False
233,0.0026410000000396394,0.0,0.00021298562619664587,False
234,0.002932000000100743,0.0,0.00021298562619664587,False
235,0.0034940000000460714,0.0,0.00021298562619664587,False
236,0.0008439999999154679,0.0,0.00021298562619664587,False
237,0.0016419999999470747,0.0,0.00021298562619664587,False
238,0.0010939999999663996,0.0,0.00021298562619664587,False
239,0.0015290000001186854,0.0,0.00021298562619664587,False
240,0.005055999999967753,0.0,0.00021298562619664587,False
241,0.003817999999910171,0.0,0.00021298562619664587,False
242,0.001303999999890948,0.0,0.00021298562619664587,False
243,0.0036769999999251013,0.0,0.00021298562619664587,False
244,0.001138000000082684,0.0,0.00021298562619664587,False
245,0.0010110000000622676,0.0,0.00021298562619664587,False
246,0.00345500000003085,0.0,0.00021298562619664587,False
247,0.0021600000000034925,0.0,0.00021298562619664587,False
248,0.0012389999999413703,0.0,0.00021298562619664587,False
249,0.0020240000001194858,0.0,0.00021298562619664587,False
250,0.0038160000001425942,0.0,0.00021298562619664587,False
251,0.004468999999971857,0.0,0.00021298562619664587,False
252,0.001972999999907188,0.0,0.00021298562619664587,False
253,0.0009159999999610591,0.0,0.00021298562619664587,False
254,0.002999000000045271,0.0,0.00021298562619664587,False
255,0.0020370000002003508,0.0,0.00021298562619664587,False
256,0.000747999999930471,0.0,0.00021298562619664587,False
257,0.005826000000070053,0.0,0.00021298562619664587,False
258,0.003404000000045926,0.0,0.00021298562619664587,False
259,0.0014160000000629225,0.0,0.00021298562619664587,False
260,0.001117000000022017,0.0,0.00021298562619664587,False
261,0.0035410000000410946,0.0,0.00021298562619664587,False
262,0.0006690000000162399,0.0,0.00021298562619664587,False
263,0.0013240000000678265,0.0,0.0002244264342690676,False
264,0.0016460000001643493,0.0,0.0002244264342690676,False
265,0.0013559999999870342,0.0,0.0002244264342690676,False
266,0.0027479999998831772,0.0,0.0002244264342690676,False
267,0.0009660000000621949,0.0,0.0002244264342690676,False
268,0.002222000000074331,0.0,0.0002244264342690676,False
269,0.0017199999999775173,0.0,0.0002244264342690676,False
270,0.0007120000000213622,0.0,0.0002244264342690676,False
271,0.0010759999997844716,0.0,0.0002244264342690676,False
272,0.0012779999999565916,0.0,0.0002244264342690676,False
273,0.0015160000000378204,0.0,0.0002244264342690676,False
274,0.0011779999999816937,0.0,0.0002244264342690676,False
275,0.0011770000000979053,0.0,0.0002244264342690676,False
276,0.0011990000000423606,0.0,0.0002244264342690676,False
277,0.0009740000000419968,0.0,0.0002244264342690676,False
278,0.001868999999942389,0.0,0.0002244264342690676,False
279,0.0011779999999816937,0.0,0.0002244264342690676,False
280,0.0016120000000228174,0.0,0.0002244264342690676,False
281,0.004086000000143031,0.0,0.0002244264342690676,False
282,0.0036909999998897547,0.0,0.0002244264342690676,False
283,0.005480999999917913,0.0,0.0002244264342690676,False
284,0.0017659999998613785,0.0,0.0002244264342690676,False
285,0.0015229999999064603,0.0,0.0002244264342690676,False
286,0.001665000000002692,0.0,0.0002244264342690676,False
287,0.002222000000074331,0.0,0.0002244264342690676,False
288,0.0007120000000213622,0.0,0.0002244264342690676,False
289,0.0012719999999717402,0.0,0.0002244264342690676,False
290,0.0005969999999706488,0.0,0.0002244264342690676,False
291,0.00494299999991199,0.0,0.0002244264342690676,False
292,0.0011180000001331791,0.0,0.0002244264342690676,False
293,0.0037449999999807915,0.0,0.0002244264342690676,False
294,0.0011230000000068685,0.0,0.0002244264342690676,False
295,0.0012569999998959247,0.0,0.0002244264342690676,False
296,0.0015439999999671272,0.0,0.0002244264342690676,False
297,0.001519000000143933,0.0,0.0002244264342690676,False
298,0.00044000000002597517,0.0,0.0002244264342690676,False
299,0.001692999999931999,0.0,0.0002244264342690676,False
300,0.0013409999999112188,0.0,0.0002244264342690676,False
301,0.0018099999999776628,0.0,0.0002244264342690676,False
302,0.0005750000000261934,0.0,0.0002244264342690676,False
303,0.0012450000001535955,0.0,0.0002244264342690676,False
304,0.00434699999982513,0.0,0.0002244264342690676,False
305,0.0021520000000236905,0.0,0.0002244264342690676,False
306,0.0005940000000919099,0.0,0.0002244264342690676,False
307,0.0024769999999989523,0.0,0.0002244264342690676,False
308,0.0014539999999669817,0.0,0.0002244264342690676,False
309,0.0005710000000362925,0.0,0.0002244264342690676,False
310,0.001993999999967855,0.0,0.0002244264342690676,False
311,0.002515000000130385,0.0,0.0002244264342690676,False
312,0.00346199999989949,0.0,0.0002244264342690676,False
313,0.0013480000000072323,0.0,0.0002244264342690676,False
314,0.0005060000000867149,0.0,0.0002244264342690676,False
315,0.0012670000000980508,0.0,0.0002244264342690676,False
316,0.0015789999999924476,0.0,0.0002244264342690676,False
317,0.00374599999986458,0.0,0.0002244264342690676,False
318,0.002054000000043743,0.0,0.00022673084176740284,False
319,0.0006490000000667351,0.0,0.00022673084176740284,False
320,0.000783000000183165,0.0,0.00022673084176740284,False
321,0.0026279999999587744,0.0,0.00022673084176740284,False
322,0.0051590000000487635,0.0,0.00022673084176740284,False
323,0.0015889999999672,0.0,0.00022673084176740284,False
324,0.001044999999976426,0.0,0.00022673084176740284,False
325,0.004295999999840205,0.0,0.00022673084176740284,False
326,0.0034490000000459986,0.0,0.00022673084176740284,False
327,0.0007700000001023,0.0,0.00022673084176740284,False
328,0.001195999999936248,0.0,0.00022717414465921767,False
329,0.000529999999798747,0.0,0.00022717414465921767,False
330,0.003568000000086613,0.0,0.00022717414465921767,False
331,0.0010130000000572181,0.0,0.00022717414465921767,False
332,0.0025250000001051376,0.0,0.00022717414465921767,False
333,0.0014200000000528235,0.0,0.00022717414465921767,False
334,0.0005850000000009459,0.0,0.00022717414465921767,False
335,0.0028839999999945576,0.0,0.00022717414465921767,False
336,0.0012810000000627042,0.0,0.00022717414465921767,False
337,0.0012799999999515421,0.0,0.00022717414465921767,False
338,0.0009380000001328881,0.0,0.00022717414465921767,False
339,0.0006140000000414148,0.0,0.00022717414465921767,False
340,0.002888999999868247,0.0,0.00022717414465921767,False
341,0.004664000000047963,0.0,0.00022717414465921767,False
342,0.0015240000000176224,0.0,0.00022717414465921767,False
343,0.0011299999998755084,0.0,0.00022717414465921767,False
344,0.0033129999999346182,0.0,0.00022717414465921767,False
345,0.0008749999999508873,0.0,0.00022717414465921767,False
346,0.0020900000001802255,0.0,0.00022717414465921767,False
347,0.0019159999999374122,0.0,0.00022717414465921767,False
348,0.0019999999999527063,0.0,0.00022717414465921767,False
349,0.006635999999843989,0.0,0.00022717414465921767,False
350,0.0007180000000062137,0.0,0.00022717414465921767,False
351,0.002487999999857493,0.0,0.00022717414465921767,False
352,0.002355000000079599,0.0,0.00022717414465921767,False
353,0.003975000000082218,0.0,0.00022717414465921767,False
354,0.002132999999957974,0.0,0.00022717414465921767,False
355,0.001111999999920954,0.0,0.00022717414465921767,False
356,0.002606000000014319,0.0,0.00022717414465921767,False
357,0.0007310000000870787,0.0,0.00022717414465921767,False
358,0.005529000000024098,0.0,0.00022717414465921767,False
359,0.006347999999888998,0.0,0.00022717414465921767,False
360,0.0011160000001382286,0.0,0.00022717414465921767,False
361,0.0019919999999729043,0.0,0.00022717414465921767,False
362,0.0011929999998301355,0.0,0.00022717414465921767,False
363,0.004104000000097585,0.0,0.00022717414465921767,False
364,0.002077999999983149,0.0,0.00022717414465921767,False
365,0.0006670000000212895,0.0,0.00022717414465921767,False
366,0.0005759999999099819,0.0,0.00022717414465921767,False
367,0.0031470000001263543,0.0,0.00022717414465921767,False
368,0.0016079999998055428,0.0,0.00022717414465921767,False
369,0.0009699999998247222,0.0,0.00022717414465921767,False
370,0.0008470000000215805,0.0,0.00022717414465921767,False
371,0.004887999999937165,0.0,0.00022717414465921767,False
372,0.0003689999998641724,0.0,0.00022717414465921767,False
373,0.001943999999866719,0.0,0.00022717414465921767,False
374,0.0053470000000288564,0.0,0.00022717414465921767,False
375,0.0005750000000261934,0.0,0.00022717414465921767,False
376,0.00064299999985451,0.0,0.00022717414465921767,False
377,0.000437999999803651,0.0,0.00022717414465921767,False
378,0.0006019999998443382,0.0,0.00022717414465921767,False
379,0.004134000000021842,0.0,0.00022717414465921767,False
380,0.0013730000000578002,0.0,0.00022717414465921767,False
381,0.0005499999999756255,0.0,0.00022717414465921767,False
382,0.001320999999961714,0.0,0.00022717414465921767,False
383,0.000573000000031243,0.0,0.00022717414465921767,False
384,0.007340000000112923,0.0,0.00022717414465921767,False
385,0.0007080000000314612,0.0,0.00022717414465921767,False
386,0.0010419999998703133,0.0,0.00022717414465921767,False
387,0.0013219999998455023,0.0,0.00022717414465921767,False
388,0.0015169999999216088,0.0,0.00022717414465921767,False
389,0.0005060000000867149,0.0,0.00022717414465921767,False
390,0.0013189999999667634,0.0,0.00022717414465921767,False
391,0.0006769999999960419,0.0,0.00022717414465921767,False
392,0.0021990000000187138,0.0,0.00022717414465921767,False
393,0.0034700000001066655,0.0,0.00022717414465921767,False
394,0.0007740000000922009,0.0,0.00022717414465921767,False
395,0.001050000000077489,0.0,0.00022717414465921767,False
396,0.0006399999999757711,0.0,0.00022717414465921767,False
397,0.0011799999999766442,0.0,0.00022717414465921767,False
398,0.0005249999999250576,0.0,0.00022717414465921767,False
399,0.0013599999999769352,0.0,0.00022717414465921767,False
400,0.0022839999999177962,0.0,0.00022717414465921767,False
401,0.0022069999999985157,0.0,0.00022717414465921767,False
402,0.0035410000000410946,0.0,0.00022717414465921767,False
403,0.0005189999999402062,0.0,0.00022717414465921767,False
404,0.0006390000000919827,0.0,0.00022717414465921767,False
405,0.002248999999892476,0.0,0.00022717414465921767,False
406,0.002443000000084794,0.0,0.00022717414465921767,False
407,0.0008609999999862339,0.0,0.00022717414465921767,False
408,0.0007879999998294807,0.0,0.00022717414465921767,False
409,0.0014080000000831205,0.0,0.00022717414465921767,False
410,0.0014490000000932923,0.0,0.00022717414465921767,False
411,0.000657000000046537,0.0,0.00022717414465921767,False
412,0.0015329999998812127,0.0,0.00022717414465921767,False
413,0.00161500000012893,0.0,0.00022717414465921767,False
414,0.0013289999999415159,0.0,0.00022717414465921767,False
415,0.0006460000001879962,0.0,0.00022717414465921767,False
416,0.003504999999904612,0.0,0.00022717414465921767,False
417,0.004259000000047308,0.0,0.00022717414465921767,False
418,0.0009600000000773434,0.0,0.00022717414465921767,False
419,0.0009159999999610591,0.0,0.00022717414465921767,False
420,0.0022559999999884894,0.0,0.00022717414465921767,False
421,0.005409999999983484,0.0,0.00022717414465921767,False
422,0.0010050000000774162,0.0,0.00022717414465921767,False
423,0.002151000000139902,0.0,0.00022717414465921767,False
424,0.0017210000000886794,0.0,0.00022717414465921767,False
425,0.0024410000000898435,0.0,0.00022717414465921767,False
426,0.0018209999998362036,0.0,0.00022717414465921767,False
427,0.0015750000000025466,0.0,0.00022717414465921767,False
428,0.0014499999999770807,0.0,0.00022717414465921767,False
429,0.002989999999954307,0.0,0.00022717414465921767,False
430,0.000941000000011627,0.0,0.00022717414465921767,False
431,0.0032580000001871667,0.0,0.00022717414465921767,False
432,0.002842999999984386,0.0,0.00022717414465921767,False
433,0.0009210000000621221,0.0,0.00022717414465921767,False
434,0.002451000000064596,0.0,0.00022717414465921767,False
435,0.0007749999999759893,0.0,0.00022717414465921767,False
436,0.001238000000057582,0.0,0.00022717414465921767,False
437,0.0006329999998797575,0.0,0.00022717414465921767,False
438,0.0021939999999176507,0.0,0.00022717414465921767,False
439,0.0011950000000524597,0.0,0.00022717414465921767,False
440,0.0015970000001743756,0.0,0.00022717414465921767,False
441,0.003399999999828651,0.0,0.00022717414465921767,False
442,0.004063999999971202,0.0,0.00022717414465921767,False
443,0.0007840000000669534,0.0,0.00022717414465921767,False
444,0.001891000000114218,0.0,0.00022717414465921767,False
445,0.0043060000000423315,0.0,0.00022717414465921767,False
446,0.0005119999998441926,0.0,0.00022717414465921767,False
447,0.001136999999971522,0.0,0.00022717414465921767,False
448,0.0018380000001343433,0.0,0.00022717414465921767,False
449,0.007610999999997148,0.0,0.00022717414465921767,False
450,0.004867000000103872,0.0,0.00022717414465921767,False
451,0.0025530000000344444,0.0,0.00022717414465921767,False
452,0.002412999999933163,0.0,0.00022717414465921767,False
453,0.001971000000139611,0.0,0.00022717414465921767,False
454,0.0037660000000414584,0.0,0.00022717414465921767,False
455,0.0018730000001596636,0.0,0.00022717414465921767,False
456,0.00151400000004287,0.0,0.00022717414465921767,False
457,0.000367999999980384,0.0,0.00022717414465921767,False
458,0.0021799999999529973,0.0,0.00022717414465921767,False
459,0.0012320000000727305,0.0,0.00022717414465921767,False
460,0.004179000000021915,0.0,0.00022717414465921767,False
461,0.0013289999999415159,0.0,0.00022717414465921767,False
462,0.004423999999971784,0.0,0.00022717414465921767,False
463,0.0009420000001227891,0.0,0.00022717414465921767,False
464,0.0006949999999505962,0.0,0.00022717414465921767,False
465,0.0014670000000478467,0.0,0.00022717414465921767,False
466,0.0007419999999456195,0.0,0.00022717414465921767,False
467,0.002052999999932581,0.0,0.00022717414465921767,False
468,0.0006430000000818836,0.0,0.00022717414465921767,False
469,0.0013160000000880245,0.0,0.00022717414465921767,False
470,0.0018549999999777356,0.0,0.00022717414465921767,False
471,0.0008209999998598505,0.0,0.00022717414465921767,False
472,0.001587999999856038,0.0,0.00022717414465921767,False
473,0.001115999999910855,0.0,0.00022717414465921767,False
474,0.0008089999998901476,0.0,0.00022717414465921767,False
475,0.0013409999999112188,0.0,0.00022717414465921767,False
476,0.0007779999998547282,0.0,0.00022717414465921767,False
477,0.0009509999999863794,0.0,0.00022717414465921767,False
478,0.0010359999998854619,0.0,0.00022717414465921767,False
479,0.0006599999999252759,0.0,0.00022717414465921767,False
480,0.0016739999998662825,0.0,0.00022717414465921767,False
481,0.001988000000210377,0.0,0.00022717414465921767,False
482,0.010645999999951528,0.0,0.00022717414465921767,False
483,0.002351000000089698,0.0,0.00022717414465921767,False
484,0.0006950000001779699,0.0,0.00022717414465921767,False
485,0.0005880000001070584,0.0,0.00022717414465921767,False
486,0.0010780000000067957,0.0,0.00022717414465921767,False
487,0.0007539999999153224,0.0,0.00022717414465921767,False
488,0.0011890000000676082,0.0,0.00022717414465921767,False
489,0.0005779999999049323,0.0,0.00022717414465921767,False
490,0.0014559999999619322,0.0,0.00022717414465921767,False
491,0.0026460000001407025,0.0,0.00022717414465921767,False
492,0.0006459999999606225,0.0,0.00022717414465921767,False
493,0.0011850000000777072,0.0,0.00022717414465921767,False
494,0.0027549999999791908,0.0,0.00022717414465921767,False
495,0.002177999999958047,0.0,0.00022717414465921767,False
496,0.00036599999998543353,0.0,0.00022717414465921767,False
497,0.0019159999999374122,0.0,0.00022717414465921767,False
498,0.0011700000000018917,0.0,0.00022717414465921767,False
499,0.0005700000001525041,0.0,0.00022717414465921767,False
500,0.0020999999999276042,0.0,0.00022717414465921767,False
501,0.0003689999998641724,0.0,0.00022717414465921767,False
502,0.0011549999999260763,0.0,0.00022717414465921767,False
503,0.0015089999999418069,0.0,0.00022717414465921767,False
504,0.0016749999999774445,0.0,0.00022717414465921767,False
505,0.0018129999998564017,0.0,0.00022717414465921767,False
506,0.0036920000000009168,0.0,0.00023546985723100746,False
507,0.002899000000070373,0.0,0.00023546985723100746,False
508,0.0006350000001020817,0.0,0.00023546985723100746,False
509,0.0007499999999254214,0.0,0.00023546985723100746,False
510,0.001575999999886335,0.0,0.00023546985723100746,False
511,0.0004999999998744897,0.0,0.00023546985723100746,False
512,0.0021759999999630963,0.0,0.00023546985723100746,False
513,0.0006370000000970322,0.0,0.00023546985723100746,False
514,0.0015089999999418069,0.0,0.00023546985723100746,False
515,0.0018760000000384025,0.0,0.00023546985723100746,False
516,0.00044000000002597517,0.0,0.00023546985723100746,False
517,0.0016520000001492008,0.0,0.00023546985723100746,False
518,0.0016239999999925203,0.0,0.00023546985723100746,False
519,0.000835999999935666,0.0,0.00023546985723100746,False
520,0.0017530000000078871,0.0,0.00023546985723100746,False
521,0.0009049999998751446,0.0,0.00023546985723100746,False
522,0.0025109999999131105,0.0,0.00023546985723100746,False
523,0.0012349999999514694,0.0,0.00023546985723100746,False
524,0.0036000000000058208,0.0,0.00023546985723100746,False
525,0.0015650000000277942,0.0,0.00023546985723100746,False
526,0.002208000000109678,0.0,0.00023546985723100746,False
527,0.0012339999998403073,0.0,0.00023546985723100746,False
528,0.00150700000017423,0.0,0.00023546985723100746,False
529,0.0006329999998797575,0.0,0.00023546985723100746,False
530,0.002119999999877109,0.0,0.00023546985723100746,False
531,0.0010440000000926375,0.0,0.00023546985723100746,False
532,0.003609000000096785,0.0,0.00023546985723100746,False
533,0.0005539999999655265,0.0,0.00023546985723100746,False
534,0.006037999999989552,0.0,0.00023546985723100746,False
535,0.001136999999971522,0.0,0.00023546985723100746,False
536,0.001862000000073749,0.0,0.00023546985723100746,False
537,0.0012019999999210995,0.0,0.00023546985723100746,False
538,0.000933000000031825,0.0,0.00023546985723100746,False
539,0.004216999999925974,0.0,0.00023546985723100746,False
540,0.0014909999999872525,0.0,0.00023546985723100746,False
541,0.005450999999993655,0.0,0.00023546985723100746,False
542,0.001330000000052678,0.0,0.00023546985723100746,False
543,0.0010680000000320433,0.0,0.00023546985723100746,False
544,0.0007989999999153952,0.0,0.00023546985723100746,False
545,0.0022950000000037107,0.0,0.00023546985723100746,False
546,0.00187299999993229,0.0,0.00023546985723100746,False
547,0.0009549999999762804,0.0,0.00023546985723100746,False
548,0.00250899999991816,0.0,0.00023546985723100746,False
549,0.001563999999916632,0.0,0.00023546985723100746,False
550,0.0005839999998897838,0.0,0.00023546985723100746,False
551,0.001307999999880849,0.0,0.00023546985723100746,False
552,0.00047900000004119647,0.0,0.00023546985723100746,False
553,0.003275000000030559,0.0,0.00023546985723100746,False
554,0.0005770000000211439,0.0,0.00023546985723100746,False
555,0.002410000000054424,0.0,0.00023546985723100746,False
556,0.002629999999953725,0.0,0.00023546985723100746,False
557,0.0008419999999205174,0.0,0.00023546985723100746,False
558,0.0017299999999522697,0.0,0.00023546985723100746,False
559,0.0007259999999860156,0.0,0.00023546985723100746,False
560,0.0016470000000481377,0.0,0.00023546985723100746,False
561,0.0019959999999628053,0.0,0.00023546985723100746,False
562,0.0017410000000381842,0.0,0.00023546985723100746,False
563,0.0017580000001089502,0.0,0.00023546985723100746,False
564,0.0010899999999764987,0.0,0.00023546985723100746,False
565,0.0016050000001541775,0.0,0.00023546985723100746,False
566,0.0005340000000160217,0.0,0.00023546985723100746,False
567,0.0035869999999249558,0.0,0.00023546985723100746,False
568,0.0016330000000834843,0.0,0.00023546985723100746,False
569,0.004388000000062675,0.0,0.00023546985723100746,False
570,0.000450999999884516,0.0,0.00023546985723100746,False
571,0.0014430000001084409,0.0,0.00023546985723100746,False
572,0.0009809999999106367,0.0,0.00023546985723100746,False
573,0.0012419999998201092,0.0,0.00023546985723100746,False
574,0.0016419999999470747,0.0,0.00023546985723100746,False
575,0.0011389999999664724,0.0,0.00023546985723100746,False
576,0.0011799999999766442,0.0,0.00023546985723100746,False
577,0.0019060000001900335,0.0,0.00023546985723100746,False
578,0.00037300000008144707,0.0,0.00023546985723100746,False
579,0.003015000000004875,0.0,0.00023546985723100746,False
580,0.0014380000000073778,0.0,0.00023546985723100746,False
581,0.004392000000052576,0.0,0.00023546985723100746,False
582,0.0014830000000074506,0.0,0.00023546985723100746,False
583,0.002441999999973632,0.0,0.00023546985723100746,False
584,0.0026530000000093423,0.0,0.00023546985723100746,False
585,0.0041220000000521395,0.0,0.00023546985723100746,False
586,0.0005720000001474546,0.0,0.00023546985723100746,False
587,0.00064299999985451,0.0,0.00023546985723100746,False
588,0.0013550000001032458,0.0,0.00023546985723100746,False
589,0.0009070000000974687,0.0,0.00023546985723100746,False
590,0.001954000000068845,0.0,0.00023546985723100746,False
591,0.002252999999882377,0.0,0.00023546985723100746,False
592,0.0012360000000626314,0.0,0.00023546985723100746,False
593,0.0004340000000411237,0.0,0.00023546985723100746,False
594,0.0013030000000071595,0.0,0.00023546985723100746,False
595,0.002552000000150656,0.0,0.00023546985723100746,False
596,0.0008849999999256397,0.0,0.00023546985723100746,False
597,0.00041899999996530823,0.0,0.00023546985723100746,False
598,0.002453999999943335,0.0,0.00023546985723100746,False
599,0.001195999999936248,0.0,0.00023546985723100746,False
600,0.001042000000097687,0.0,0.00023546985723100746,False
601,0.0013790000000426517,0.0,0.00023546985723100746,False
602,0.0014170000001740846,0.0,0.00023546985723100746,False
603,0.0007029999999303982,0.0,0.00023546985723100746,False
604,0.0022689999998419808,0.0,0.00023546985723100746,False
605,0.002940000000080545,0.0,0.00023546985723100746,False
606,0.001362999999855674,0.0,0.00023546985723100746,False
607,0.0020079999999325082,0.0,0.00023546985723100746,False
608,0.0014419999999972788,0.0,0.00023546985723100746,False
609,0.0013109999999869615,0.0,0.00023546985723100746,False
610,0.0016930000001593726,0.0,0.00023546985723100746,False
611,0.0009079999999812571,0.0,0.00023546985723100746,False
612,0.0006410000000869331,0.0,0.00023546985723100746,False
613,0.0035080000000107248,0.0,0.00023546985723100746,False
614,0.0013320000000476284,0.0,0.00023546985723100746,False
615,0.0014469999998709682,0.0,0.00023546985723100746,False
616,0.0011080000001584267,0.0,0.00023546985723100746,False
617,0.002729999999928623,0.0,0.00023546985723100746,False
618,0.003647000000000844,0.0,0.00023546985723100746,False
619,0.0019890000000941654,0.0,0.00023546985723100746,False
620,0.0027279999999336724,0.0,0.00023546985723100746,False
621,0.0006399999999757711,0.0,0.00023546985723100746,False
622,0.0009070000000974687,0.0,0.00023546985723100746,False
623,0.0030420000000503933,0.0,0.00023546985723100746,False
624,0.0005040000000917644,0.0,0.00023546985723100746,False
625,0.00137999999992644,0.0,0.00023546985723100746,False
626,0.002239999999801512,0.0,0.00023546985723100746,False
627,0.0011910000000625587,0.0,0.00023546985723100746,False
628,0.0014389999998911662,0.0,0.00023546985723100746,False
629,0.0008199999999760621,0.0,0.00023546985723100746,False
630,0.0020260000001144363,0.0,0.00023546985723100746,False
631,0.0006399999999757711,0.0,0.00023546985723100746,False
632,0.0020969999998214917,0.0,0.00023546985723100746,False
633,0.0014470000000983418,0.0,0.00023546985723100746,False
634,0.003517999999985477,0.0,0.00023546985723100746,False
635,0.0010400000001027365,0.0,0.00023546985723100746,False
636,0.0015260000000125729,0.0,0.00023546985723100746,False
637,0.0009620000000722939,0.0,0.00023546985723100746,False
638,0.0037370000000009895,0.0,0.00023546985723100746,False
639,0.001046000000087588,0.0,0.00023546985723100746,False
640,0.0005069999999705033,0.0,0.00023546985723100746,False
641,0.001586000000088461,0.0,0.00023546985723100746,False
642,0.0008430000000316795,0.0,0.00023546985723100746,False
643,0.0009739999998146232,0.0,0.00023546985723100746,False
644,0.0010429999999814754,0.0,0.00023546985723100746,False
645,0.0056899999999586726,0.0,0.00023546985723100746,False
646,0.000578000000132306,0.0,0.00023546985723100746,False
647,0.0021240000000943837,0.0,0.00023546985723100746,False
648,0.0007709999999860884,0.0,0.00023546985723100746,False
649,0.0009800000000268483,0.0,0.00023546985723100746,False
650,0.0010399999998753628,0.0,0.00023546985723100746,False
651,0.0015080000000580185,0.0,0.00023546985723100746,False
652,0.0009300000001530861,0.0,0.00023546985723100746,False
653,0.001646999999820764,0.0,0.00023546985723100746,False
654,0.0018219999999473657,0.0,0.00023546985723100746,False
655,0.002282999999806634,0.0,0.00023546985723100746,False
656,0.0008500000001276931,0.0,0.00023546985723100746,False
657,0.001479999999901338,0.0,0.00023546985723100746,False
658,0.002311999999847103,0.0,0.00023546985723100746,False
659,0.005842999999913445,0.0,0.00023546985723100746,False
660,0.0006989999999404972,0.0,0.00023546985723100746,False
661,0.0007989999999153952,0.0,0.00023546985723100746,False
662,0.0012389999999413703,0.0,0.00023546985723100746,False
663,0.0039329999999608845,0.0,0.00023546985723100746,False
664,0.005173000000013417,0.0,0.00023546985723100746,False
665,0.001251000000138447,0.0,0.00023546985723100746,False
666,0.0021629999998822314,0.0,0.00023546985723100746,False
667,0.0019379999998818676,0.0,0.00023546985723100746,False
668,0.0013840000001437147,0.0,0.00023546985723100746,False
669,0.0014549999998507701,0.0,0.00023546985723100746,False
670,0.0025319999999737774,0.0,0.00023546985723100746,False
671,0.0015670000000227446,0.0,0.00023546985723100746,False
672,0.0009250000000520231,0.0,0.00023546985723100746,False
673,0.0005069999999705033,0.0,0.00023546985723100746,False
674,0.000854000000117594,0.0,0.00023546985723100746,False
675,0.0022109999999884167,0.0,0.00023546985723100746,False
676,0.002641999999923428,0.0,0.00023546985723100746,False
677,0.0005039999998643907,0.0,0.00023546985723100746,False
678,0.002727000000049884,0.0,0.00023546985723100746,False
679,0.0005719999999200809,0.0,0.00023546985723100746,False
680,0.001995000000079017,0.0,0.00023546985723100746,False
681,0.0008440000001428416,0.0,0.00023546985723100746,False
682,0.0005049999999755528,0.0,0.00023546985723100746,False
683,0.0017089999998916028,0.0,0.00023546985723100746,False
684,0.001431000000138738,0.0,0.00023546985723100746,False
685,0.0010569999999461288,0.0,0.00023546985723100746,False
686,0.0010509999999612774,0.0,0.00023546985723100746,False
687,0.0018970000000990694,0.0,0.00023546985723100746,False
688,0.001559999999926731,0.0,0.00023546985723100746,False
689,0.0009240000001682347,0.0,0.00023546985723100746,False
690,0.0005140000000665168,0.0,0.00023546985723100746,False
691,0.0028949999998530984,0.0,0.00023546985723100746,False
692,0.004445000000032451,0.0,0.00023546985723100746,False
693,0.004713000000037937,0.0,0.00023546985723100746,False
694,0.0007800000000770524,0.0,0.00023546985723100746,False
695,0.0007489999998142594,0.0,0.00023546985723100746,False
696,0.0018509999999878346,0.0,0.00023546985723100746,False
697,0.001322000000072876,0.0,0.00023546985723100746,False
698,0.0010310000000117725,0.0,0.00023546985723100746,False
699,0.0009760000000369473,0.0,0.00023546985723100746,False
700,0.0004370000001472363,0.0,0.00023546985723100746,False
701,0.002459000000044398,0.0,0.00023546985723100746,False
702,0.001191999999946347,0.0,0.00023546985723100746,False
703,0.002746999999999389,0.0,0.00023546985723100746,False
704,0.0011660000000119908,0.0,0.00023546985723100746,False
705,0.0009790000001430599,0.0,0.00023546985723100746,False
706,0.005336000000170316,0.0,0.00023546985723100746,False
707,0.0005059999998593412,0.0,0.00023546985723100746,False
708,0.001086999999870386,0.0,0.00023546985723100746,False
709,0.0011190000000169675,0.0,0.00023546985723100746,False
710,0.0007510000000365835,0.0,0.00023546985723100746,False
711,0.0009010000001126173,0.0,0.00023546985723100746,False
712,0.0016279999999824213,0.0,0.00023546985723100746,False
713,0.0014680000001590088,0.0,0.00023546985723100746,False
714,0.0005039999998643907,0.0,0.00023546985723100746,False
715,0.0037030000000868313,0.0,0.00023546985723100746,False
716,0.0009800000000268483,0.0,0.00023546985723100746,False
717,0.0013429999999061693,0.0,0.00023546985723100746,False
718,0.0009119999999711581,0.0,0.00023546985723100746,False
719,0.002259000000094602,0.0,0.00023546985723100746,False
720,0.0018159999999625143,0.0,0.00023546985723100746,False
721,0.0011139999999159045,0.0,0.00023546985723100746,False
722,0.0006419999999707215,0.0,0.00023546985723100746,False
723,0.0032850000000053114,0.0,0.00023546985723100746,False
724,0.0009629999999560823,0.0,0.00023546985723100746,False
725,0.000933000000031825,0.0,0.00023546985723100746,False
726,0.0005539999999655265,0.0,0.00023546985723100746,False
727,0.0005979999998544372,0.0,0.00023546985723100746,False
728,0.0007929999999305437,0.0,0.00023546985723100746,False
729,0.00380700000005163,0.0,0.00023546985723100746,False
730,0.0009800000000268483,0.0,0.00023546985723100746,False
731,0.0006590000000414875,0.0,0.00023546985723100746,False
732,0.0016430000000582368,0.0,0.00023546985723100746,False
733,0.002187000000049011,0.0,0.00023546985723100746,False
734,0.00037599999996018596,0.0,0.00023546985723100746,False
735,0.0010559999998349667,0.0,0.00023546985723100746,False
736,0.0014549999998507701,0.0,0.00023546985723100746,False
737,0.0018969999998716958,0.0,0.00023546985723100746,False
738,0.0010440000000926375,0.0,0.00023546985723100746,False
739,0.0014750000000276486,0.0,0.00023546985723100746,False
740,0.0006459999999606225,0.0,0.00023546985723100746,False
741,0.004176000000143176,0.0,0.00023546985723100746,False
742,0.0015580000001591543,0.0,0.00023546985723100746,False
743,0.0017100000000027649,0.0,0.00023546985723100746,False
744,0.005231999999978143,0.0,0.00023546985723100746,False
745,0.0022330000001602457,0.0,0.00023546985723100746,False
746,0.0009740000000419968,0.0,0.00023546985723100746,False
747,0.0012419999998201092,0.0,0.00023546985723100746,False
748,0.0010440000000926375,0.0,0.00023546985723100746,False
749,0.0007389999998395069,0.0,0.00023546985723100746,False
750,0.0006399999999757711,0.0,0.00023546985723100746,False
751,0.0022050000000035652,0.0,0.00023546985723100746,False
752,0.0007819999998446292,0.0,0.00023546985723100746,False
753,0.0005779999999049323,0.0,0.00023546985723100746,False
754,0.001518000000032771,0.0,0.00023546985723100746,False
755,0.0007760000000871514,0.0,0.00023546985723100746,False
756,0.0013850000000275031,0.0,0.00023546985723100746,False
757,0.0005539999999655265,0.0,0.00023546985723100746,False
758,0.0010469999999713764,0.0,0.00023546985723100746,False
759,0.0006809999999859428,0.0,0.00023546985723100746,False
760,0.0017380000001594453,0.0,0.00023546985723100746,False
761,0.0005439999999907741,0.0,0.00023546985723100746,False
762,0.0007709999999860884,0.0,0.00023546985723100746,False
763,0.0038959999999406136,0.0,0.00023546985723100746,False
764,0.0014739999999164866,0.0,0.00023546985723100746,False
765,0.0017159999999876163,0.0,0.00023546985723100746,False
766,0.000910999999859996,0.0,0.00023546985723100746,False
767,0.0013910000000123546,0.0,0.00023546985723100746,False
768,0.0009110000000873697,0.0,0.00023546985723100746,False
769,0.0008409999998093554,0.0,0.00023546985723100746,False
770,0.0007049999999253487,0.0,0.00023546985723100746,False
771,0.001642999999830863,0.0,0.00023546985723100746,False
772,0.0011940000001686712,0.0,0.00023546985723100746,False
773,0.001515000000154032,0.0,0.00023546985723100746,False
774,0.0003689999998641724,0.0,0.00023546985723100746,False
775,0.003552000000127009,0.0,0.00023546985723100746,False
776,0.0008470000000215805,0.0,0.00023546985723100746,False
777,0.0006419999999707215,0.0,0.00023546985723100746,False
778,0.001794000000018059,0.0,0.00023546985723100746,False
779,0.0005679999999301799,0.0,0.00023546985723100746,False
780,0.0011669999998957792,0.0,0.00023546985723100746,False
781,0.0011509999999361753,0.0,0.00023546985723100746,False
782,0.0006229999999050051,0.0,0.00023546985723100746,False
783,0.0018969999998716958,0.0,0.00023546985723100746,False
784,0.0025840000000698637,0.0,0.00023546985723100746,False
785,0.0017100000000027649,0.0,0.00023546985723100746,False
786,0.0009010000001126173,0.0,0.00023546985723100746,False
787,0.0006379999999808206,0.0,0.00023546985723100746,False
788,0.0020789999998669373,0.0,0.00023546985723100746,False
789,0.0014319999997951527,0.0,0.00023546985723100746,False
790,0.0037409999999908905,0.0,0.00023546985723100746,False
791,0.0004349999999249121,0.0,0.00023546985723100746,False
792,0.0011080000001584267,0.0,0.00023546985723100746,False
793,0.0027569999999741412,0.0,0.00023546985723100746,False
794,0.0021220000000994332,0.0,0.00023546985723100746,False
795,0.0010859999999865977,0.0,0.00023546985723100746,False
796,0.0028680000000349537,0.0,0.00023546985723100746,False
797,0.0006070000001727749,0.0,0.00023546985723100746,False
798,0.0016590000000178406,0.0,0.00023546985723100746,False
799,0.0006319999999959691,0.0,0.00023546985723100746,False
800,0.0005719999999200809,0.0,0.00023546985723100746,False
801,0.0012099999999009015,0.0,0.00023546985723100746,False
802,0.0005400000000008731,0.0,0.00023546985723100746,False
803,0.002457999999933236,0.0,0.00023546985723100746,False
804,0.0014309999999113643,0.0,0.00023546985723100746,False
805,0.0014519999999720312,0.0,0.00023546985723100746,False
806,0.0008800000000519503,0.0,0.00023546985723100746,False
807,0.0020150000000285218,0.0,0.00023546985723100746,False
808,0.004261999999926047,0.0,0.00023546985723100746,False
809,0.0008310000000619766,0.0,0.00023546985723100746,False
810,0.0016019999998206913,0.0,0.00023546985723100746,False
811,0.000937000000021726,0.0,0.00023546985723100746,False
812,0.0023759999999128922,0.0,0.00023546985723100746,False
813,0.00045499999987441697,0.0,0.00023546985723100746,False
814,0.0015389999998660642,0.0,0.00023691139643170942,False
815,0.001121000000011918,0.0,0.00023691139643170942,False
816,0.0016700000001037552,0.0,0.00023691139643170942,False
817,0.0008519999998952699,0.0,0.00023691139643170942,False
818,0.000657000000046537,0.0,0.00023691139643170942,False
819,0.0025659999998879357,0.0,0.00023691139643170942,False
820,0.0015379999999822758,0.0,0.00023691139643170942,False
821,0.0015499999999519787,0.0,0.00023691139643170942,False
822,0.0009970000000976142,0.0,0.00023691139643170942,False
823,0.0026399999999284773,0.0,0.00023691139643170942,False
824,0.0005179999998290441,0.0,0.00023691139643170942,False
825,0.000950000000102591,0.0,0.00023691139643170942,False
826,0.001483999999891239,0.0,0.00023691139643170942,False
827,0.0013539999999920838,0.0,0.00023691139643170942,False
828,0.00215000000002874,0.0,0.00023691139643170942,False
829,0.002211999999872205,0.0,0.00023691139643170942,False
830,0.0015319999999974243,0.0,0.00023691139643170942,False
831,0.001567999999906533,0.0,0.00023691139643170942,False
832,0.001518000000032771,0.0,0.00023691139643170942,False
833,0.0014810000000125,0.0,0.00023691139643170942,False
834,0.0028409999999894353,0.0,0.00023691139643170942,False
835,0.0018580000000838481,0.0,0.00023691139643170942,False
836,0.0015479999999570282,0.0,0.00023691139643170942,False
837,0.0007440000001679437,0.0,0.00023691139643170942,False
838,0.0010519999998450658,0.0,0.00023691139643170942,False
839,0.0015200000000277214,0.0,0.00023691139643170942,False
840,0.0007289999998647545,0.0,0.00023691139643170942,False
841,0.001283999999941443,0.0,0.00023691139643170942,False
842,0.0022450000001299486,0.0,0.00023691139643170942,False
843,0.005006999999977779,0.0,0.00023691139643170942,False
844,0.0021879999999327993,0.0,0.00023691139643170942,False
845,0.002540999999837368,0.0,0.00023691139643170942,False
846,0.0012460000000373839,0.0,0.00023691139643170942,False
847,0.001678000000083557,0.0,0.00023691139643170942,False
848,0.00045700000009674113,0.0,0.00023691139643170942,False
849,0.0016000000000531145,0.0,0.00023691139643170942,False
850,0.0017130000001088774,0.0,0.00023691139643170942,False
851,0.0010640000000421423,0.0,0.00023691139643170942,False
852,0.0005109999999604042,0.0,0.00023691139643170942,False
853,0.0032969999999750144,0.0,0.00023691139643170942,False
854,0.0034719999998742423,0.0,0.00023691139643170942,False
855,0.00398100000006707,0.0,0.00023691139643170942,False
856,0.002769000000171218,0.0,0.00023691139643170942,False
857,0.0013440000000173313,0.0,0.00023691139643170942,False
858,0.0008990000001176668,0.0,0.00023691139643170942,False
859,0.0006280000000060681,0.0,0.00023691139643170942,False
860,0.001590000000078362,0.0,0.00023691139643170942,False
861,0.004697000000078333,0.0,0.00023691139643170942,False
862,0.0004939999998896383,0.0,0.00023691139643170942,False
863,0.0007929999999305437,0.0,0.00023691139643170942,False
864,0.0016410000000632863,0.0,0.00023691139643170942,False
865,0.0010509999999612774,0.0,0.00023691139643170942,False
866,0.0028469999999742868,0.0,0.00023691139643170942,False
867,0.0005939999998645362,0.0,0.00023691139643170942,False
868,0.0030230000002120505,0.0,0.00023691139643170942,False
869,0.003801999999950567,0.0,0.00023691139643170942,False
870,0.0015700000001288572,0.0,0.00023691139643170942,False
871,0.001510000000052969,0.0,0.00023691139643170942,False
872,0.0020690000001195585,0.0,0.00023691139643170942,False
873,0.0018890000001192675,0.0,0.00023691139643170942,False
874,0.0014389999998911662,0.0,0.00023691139643170942,False
875,0.0013449999999011197,0.0,0.00023691139643170942,False
876,0.0007989999999153952,0.0,0.00023691139643170942,False
877,0.0006169999999201536,0.0,0.00023691139643170942,False
878,0.0009489999999914289,0.0,0.00023691139643170942,False
879,0.0012710000000879518,0.0,0.00023691139643170942,False
880,0.0023120000000744767,0.0,0.00023691139643170942,False
881,0.0009419999998954154,0.0,0.00023691139643170942,False
882,0.0009950000001026638,0.0,0.00023691139643170942,False
883,0.0059000000001105946,0.0,0.00023691139643170942,False
884,0.0007739999998648273,0.0,0.00023691139643170942,False
885,0.0005169999999452557,0.0,0.00023691139643170942,False
886,0.000945000000001528,0.0,0.00023691139643170942,False
887,0.0018230000000585278,0.0,0.00023691139643170942,False
888,0.0005209999999351567,0.0,0.00023691139643170942,False
889,0.0009929999998803396,0.0,0.00023691139643170942,False
890,0.0007920000000467553,0.0,0.00023691139643170942,False
891,0.0015720000001238077,0.0,0.00023691139643170942,False
892,0.0005109999999604042,0.0,0.00023691139643170942,False
893,0.0012810000000627042,0.0,0.00023691139643170942,False
894,0.0007180000000062137,0.0,0.00023691139643170942,False
895,0.002376000000140266,0.0,0.00023691139643170942,False
896,0.0007849999999507418,0.0,0.00023691139643170942,False
897,0.0005679999999301799,0.0,0.00023691139643170942,False
898,0.0010130000000572181,0.0,0.00023691139643170942,False
899,0.0006469999998444109,0.0,0.00023691139643170942,False
900,0.0012990000000172586,0.0,0.00023691139643170942,False
901,0.0005869999999958964,0.0,0.00023691139643170942,False
902,0.0005180000000564178,0.0,0.00023691139643170942,False
903,0.0022059999998873536,0.0,0.00023691139643170942,False
904,0.0005149999999503052,0.0,0.00023691139643170942,False
905,0.001431000000138738,0.0,0.00023691139643170942,False
906,0.0011620000000220898,0.0,0.00023691139643170942,False
907,0.0011739999999917927,0.0,0.00023691139643170942,False
908,0.0020730000001094595,0.0,0.00023691139643170942,False
909,0.0005140000000665168,0.0,0.00023691139643170942,False
910,0.0008109999998850981,0.0,0.00023691139643170942,False
911,0.00045899999986431794,0.0,0.00023691139643170942,False
912,0.001389000000017404,0.0,0.00023691139643170942,False
913,0.0014459999999871798,0.0,0.00023691139643170942,False
914,0.000651999999945474,0.0,0.00023691139643170942,False
915,0.0005139999998391431,0.0,0.00023691139643170942,False
916,0.0009030000001075678,0.0,0.00023691139643170942,False
917,0.0016829999999572465,0.0,0.00023691139643170942,False
918,0.0020429999999578285,0.0,0.00023691139643170942,False
919,0.0010560000000623404,0.0,0.00023691139643170942,False
920,0.0007700000001023,0.0,0.00023691139643170942,False
921,0.0005129999999553547,0.0,0.00023691139643170942,False
922,0.0015450000000782893,0.0,0.00023691139643170942,False
923,0.00044400000001587614,0.0,0.00023691139643170942,False
924,0.0034110000001419394,0.0,0.00023691139643170942,False
925,0.0010890000000927103,0.0,0.00023691139643170942,False
926,0.0016459999999369757,0.0,0.00023691139643170942,False
927,0.0016399999999521242,0.0,0.00023691139643170942,False
928,0.0009709999999358843,0.0,0.00023691139643170942,False
929,0.004230000000006839,0.0,0.00023691139643170942,False
930,0.0009780000000318978,0.0,0.00023691139643170942,False
931,0.001715000000103828,0.0,0.00023691139643170942,False
932,0.0009789999999156862,0.0,0.00023691139643170942,False
933,0.0005039999998643907,0.0,0.00023691139643170942,False
934,0.0011269999999967695,0.0,0.00023691139643170942,False
935,0.0022419999997964624,0.0,0.00023691139643170942,False
936,0.0007709999999860884,0.0,0.00023691139643170942,False
937,0.0007140000000163127,0.0,0.00023691139643170942,False
938,0.0007599999999001739,0.0,0.00023691139643170942,False
939,0.0005100000000766158,0.0,0.00023691139643170942,False
940,0.0006470000000717846,0.0,0.00023691139643170942,False
941,0.0005310000001372828,0.0,0.00023691139643170942,False
942,0.001113000000032116,0.0,0.00023691139643170942,False
943,0.001301000000012209,0.0,0.00023691139643170942,False
944,0.0022030000000086147,0.0,0.00023691139643170942,False
945,0.0014300000000275759,0.0,0.00023691139643170942,False
946,0.003116000000090935,0.0,0.00023691139643170942,False
947,0.0005439999999907741,0.0,0.00023691139643170942,False
948,0.00038500000005115,0.0,0.00023691139643170942,False
949,0.0009179999999560096,0.0,0.00023691139643170942,False
950,0.0004409999999097636,0.0,0.00023691139643170942,False
951,0.0016290000000935834,0.0,0.00023691139643170942,False
952,0.0014449999998760177,0.0,0.00023691139643170942,False
953,0.000867000000198459,0.0,0.00023691139643170942,False
954,0.0018280000001595909,0.0,0.00023691139643170942,False
955,0.0007510000000365835,0.0,0.00023691139643170942,False
956,0.0013179999998556013,0.0,0.00023691139643170942,False
957,0.0019240000001445878,0.0,0.00023691139643170942,False
958,0.0007070000001476728,0.0,0.00023691139643170942,False
959,0.006235000000060609,0.0,0.00023691139643170942,False
960,0.0013309999999364663,0.0,0.00023691139643170942,False
961,0.0008350000000518776,0.0,0.00023691139643170942,False
962,0.0021400000000539876,0.0,0.00023691139643170942,False
963,0.0010350000000016735,0.0,0.00023691139643170942,False
964,0.0016819999998460844,0.0,0.00023691139643170942,False
965,0.0005129999999553547,0.0,0.00023691139643170942,False
966,0.0010800000000017462,0.0,0.00023691139643170942,False
967,0.001242000000047483,0.0,0.00023691139643170942,False
968,0.00038500000005115,0.0,0.00023691139643170942,False
969,0.0007650000000012369,0.0,0.00023691139643170942,False
970,0.0023989999999685097,0.0,0.00023691139643170942,False
971,0.0016319999999723223,0.0,0.00023691139643170942,False
972,0.0013480000000072323,0.0,0.00023691139643170942,False
973,0.0014800000001287117,0.0,0.00023691139643170942,False
974,0.0020669999998972344,0.0,0.00023691139643170942,False
975,0.002036999999972977,0.0,0.00023691139643170942,False
976,0.0013719999999466381,0.0,0.00023691139643170942,False
977,0.0008550000000013824,0.0,0.00023691139643170942,False
978,0.0016700000001037552,0.0,0.00023691139643170942,False
979,0.0009999999999763531,0.0,0.00023691139643170942,False
980,0.0013619999999718857,0.0,0.00023691139643170942,False
981,0.0014149999999517604,0.0,0.00023691139643170942,False
982,0.00037500000007639755,0.0,0.00023691139643170942,False
983,0.0009880000000066502,0.0,0.00023691139643170942,False
984,0.00037500000007639755,0.0,0.00023691139643170942,False
985,0.001150000000052387,0.0,0.00023691139643170942,False
986,0.0015480000001844019,0.0,0.00023691139643170942,False
987,0.0017199999999775173,0.0,0.00023691139643170942,False
988,0.0028279999999085703,0.0,0.00023691139643170942,False
989,0.001205000000027212,0.0,0.00023691139643170942,False
990,0.0008689999999660358,0.0,0.00023691139643170942,False
991,0.0011309999999866704,0.0,0.00023691139643170942,False
992,0.0006789999999909924,0.0,0.00023691139643170942,False
993,0.002242000000023836,0.0,0.00023691139643170942,False
994,0.0019160000001647859,0.0,0.00023691139643170942,False
995,0.0008639999998649728,0.0,0.00023691139643170942,False
996,0.0021639999999933934,0.0,0.00023691139643170942,False
997,0.001019999999925858,0.0,0.00023691139643170942,False
998,0.00046999999995023245,0.0,0.00023691139643170942,False
999,0.0013160000000880245,0.0,0.00023691139643170942,False
1000,0.0008100000000013097,0.0,0.00023691139643170942,False
