episode,length,time,reward,delta
0,11.0,0.0009990000000925647,0.0,0.0004914113274983578
1,24.0,0.0019089999998413987,0.0,-7.572392047707334e-05
2,48.0,0.00395699999990029,0.0,-0.0003579364872773747
3,44.0,0.0030690000000959117,0.0,-0.00022494789142540655
4,19.0,0.0013539999999920838,0.0,0.0001255738893450435
5,138.0,0.009512999999969907,0.0,6.278694467252174e-05
6,44.0,0.003016000000116037,0.0,0.00011266002334584793
7,27.0,0.0019839999999931024,0.0,0.0002301993463811969
8,11.0,0.0008290000000670261,0.0,0.00011509967319059844
9,95.0,0.008290999999871929,0.0,0.00034197445562378695
10,14.0,0.0011480000000574364,0.0,0.00026822210917713286
11,72.0,0.00546899999994821,0.0,0.000598640598302486
12,67.0,0.005038000000013199,0.0,-2.7178695051065086e-05
13,129.0,0.008637999999791646,0.0,0.0002571420591303055
14,46.0,0.0034190000001217413,0.0,-0.0003399149515793976
15,69.0,0.004683999999997468,0.0,-7.206523014355076e-05
16,77.0,0.005873000000065076,0.0,0.00034848774978234876
17,11.0,0.0009359999999105639,0.0,0.0003771403908631335
18,47.0,0.003639000000021042,0.0,-4.377099064102141e-05
19,17.0,0.0012540000000171858,0.0,0.0002497840225654693
20,41.0,0.003153999999994994,0.0,0.00034095384054508065
21,17.0,0.0012589999998908752,0.0,0.00017047692027254038
22,22.0,0.0016399999999521242,0.0,0.000402838807544119
23,24.0,0.0017579999998815765,0.0,-0.0001720901326235177
24,40.0,0.0029429999999592837,0.0,0.00044073246092639595
25,70.0,0.004841000000169515,0.0,0.0002489167970249491
26,75.0,0.005750000000034561,0.0,-3.603261507177538e-05
27,14.0,0.001247000000148546,0.0,0.00038071117047302073
28,16.0,0.001303999999890948,0.0,0.0001661345903568699
29,30.0,0.0022980000001098233,0.0,0.00038686523734867605
30,40.0,0.0030970000000252185,0.0,-0.00021672899546970029
31,34.0,0.0025330000000849395,0.0,0.0004488452969371749
32,24.0,0.0021759999999630963,0.0,-6.030591877403621e-05
33,13.0,0.0012819999999464926,0.0,0.0004833471093188268
34,16.0,0.0012609999998858257,0.0,8.40785408148718e-05
35,46.0,0.003242000000000189,0.0,0.0005440996043222014
36,6.0,0.0007029999999303982,0.0,0.0002720498021611007
37,33.0,0.0026540000001205044,0.0,-8.604506631175891e-05
38,48.0,0.003977999999960957,0.0,-0.0002547658219460993
39,12.0,0.001111999999920954,0.0,0.0002127994876942717
40,7.0,0.0006409999998595595,0.0,0.00030039561000711184
41,11.0,0.0008600000001024455,0.0,0.00015019780500355592
42,39.0,0.002987000000075568,0.0,0.000448888881610241
43,20.0,0.0014409999998861167,0.0,0.00039291120270923066
44,13.0,0.001132999999981621,0.0,0.00028913380385990736
45,45.0,0.0033240000000205328,0.0,0.0005935177370080129
46,89.0,0.006546000000071217,0.0,3.6763691059315715e-05
47,70.0,0.005703999999923326,0.0,0.00014456690192995373
48,11.0,0.0009700000000520959,0.0,0.00044855615061900546
49,59.0,0.004596999999876061,0.0,-9.230758690088935e-05
50,21.0,0.0016840000000684086,0.0,0.000492961114612511
51,5.0,0.0004340000000411237,0.0,7.228345096497687e-05
52,30.0,0.0022030000000086147,0.0,3.614172548248849e-05
53,42.0,0.00366400000007161,0.0,0.0002464805573062555
54,29.0,0.0020829999998568383,0.0,-0.00020663498984167155
55,53.0,0.003842999999960739,0.0,0.00040293736502018044
56,51.0,0.0037540000000717555,0.0,-0.0001083644977348502
57,64.0,0.004746000000068307,0.0,-0.0003850066725284621
58,9.0,0.0007739999998648273,0.0,0.00043216595381310357
59,65.0,0.005031000000144559,0.0,-5.41822488674251e-05
60,46.0,0.0035269999998490675,0.0,0.0005067068602374687
61,15.0,0.0012150000000019645,0.0,0.00042027112384063333
62,30.0,0.002234000000044034,0.0,0.00039242748907368237
63,95.0,0.008260000000063883,0.0,0.00035350045500838175
64,11.0,0.0009440000001177395,0.0,0.0003599573817637576
65,40.0,0.0034580000001369626,0.0,6.940130793289432e-05
66,11.0,0.0010419999998703133,0.0,0.00017997869088187874
67,16.0,0.002449999999953434,0.0,-3.388164925950828e-06
68,46.0,0.004167000000052212,0.0,-0.00020505522894942278
69,35.0,0.0030799999999544525,0.0,-0.00011423650909971853
70,9.0,0.001301000000012209,0.0,0.0003363381637369919
71,15.0,0.0012480000000323344,0.0,0.00015821571286981316
72,27.0,0.002330000000029031,0.0,0.00033601749544809475
73,22.0,0.0018360000001393928,0.0,0.00016816908186849595
74,7.0,0.0010410000002138986,0.0,8.408454093424803e-05
75,41.0,0.0032119999998485582,0.0,0.0005238926963094437
76,13.0,0.0011389999999664724,0.0,0.00026194634815472184
77,37.0,0.0033460000001923618,0.0,0.00016960374144900576
78,12.0,0.0017100000000027649,0.0,0.000538230687455337
79,7.0,0.0006750000000010914,0.0,0.000546406206686733
80,8.0,0.0007989999999153952,0.0,0.0002691153437276685
81,38.0,0.0037460000000919536,0.0,0.000413286155189311
82,39.0,0.003568000000086613,0.0,0.0003254848867301734
83,45.0,0.003533999999945081,0.0,-1.694082462975414e-06
84,25.0,0.0025479999999333813,0.0,0.00039095209907038977
85,22.0,0.002585000000181026,0.0,0.0001414424368737738
86,41.0,0.003429999999980282,0.0,-2.7091124433712603e-05
87,31.0,0.0032140000000708824,0.0,0.00016800874772404737
88,13.0,0.0015260000000125729,0.0,0.0005609141598110786
89,29.0,0.0029369999999744323,0.0,0.00015763074393354397
90,27.0,0.0025729999999839492,0.0,-0.00010863303490957178
91,16.0,0.0023219999998218555,0.0,0.0005399286328366282
92,39.0,0.003547000000025946,0.0,0.00039976128304688183
93,34.0,0.0027170000000751315,0.0,4.1739884384601415e-05
94,25.0,0.0029159999999137654,0.0,0.00016843538846425716
95,22.0,0.0017619999998714775,0.0,0.0005113890696546806
96,9.0,0.0007519999999203719,0.0,-1.5661999542115456e-06
97,21.0,0.0018690000001697626,0.0,-8.160156433658456e-06
98,15.0,0.002111999999897307,0.0,6.157910666617673e-05
99,18.0,0.0015240000000176224,0.0,1.9780130771597927e-05
100,14.0,0.0012070000000221626,0.0,0.0004662904611433611
101,27.0,0.0022280000000591826,0.0,0.00045629357151554965
102,10.0,0.0008159999999861611,0.0,7.910785643490664e-05
103,12.0,0.0009150000000772707,0.0,0.00022814678575777485
104,13.0,0.0010939999999663996,0.0,0.00011407339287888743
105,6.0,0.0005069999999705033,0.0,5.703669643944377e-05
106,65.0,0.004851000000144268,0.0,0.00022715342823121818
107,12.0,0.0008980000000065047,0.0,0.00011357671411560909
108,19.0,0.0017090000001189765,0.0,0.0003856096089907981
109,8.0,0.0006699999999000283,0.0,0.0004291534286832706
110,22.0,0.001776999999947293,0.0,0.0005046631338781549
111,22.0,0.0017370000000482833,0.0,8.306729517843495e-05
112,11.0,0.0009669999999459833,0.0,0.0004073972595842597
113,10.0,0.000937000000021726,0.0,0.0001606787361930653
114,11.0,0.0009340000001429871,0.0,0.0002036986297921299
115,14.0,0.0012189999999918655,0.0,0.00010184931489606495
116,19.0,0.001554999999825668,0.0,0.0005498594425241447
117,6.0,0.0005009999999856518,0.0,0.0002655404796223267
118,18.0,0.0013510000001133449,0.0,0.00027492972126207235
119,5.0,0.0004360000000360742,0.0,0.00013277023981116338
120,26.0,0.0020130000000335713,0.0,-1.3545562216856302e-05
121,17.0,0.0015090000001691806,0.0,6.638511990558174e-05
122,26.0,0.0019039999999677093,0.0,8.033936809653266e-05
123,23.0,0.001864999999952488,0.0,4.016968404826633e-05
124,14.0,0.0010870000000977598,0.0,0.0001928048044953991
125,16.0,0.0013159999998606509,0.0,0.00030687158865965776
126,59.0,0.004551999999875989,0.0,0.0004298374787153936
127,8.0,0.0007049999999253487,0.0,0.0004749019189720782
128,10.0,0.0008419999999205174,0.0,0.0003171127633270825
129,19.0,0.001506000000063068,0.0,0.0004846461750935015
130,38.0,0.00288700000010067,0.0,0.0001889033669645137
131,8.0,0.0006980000000567088,0.0,0.00024232308754675068
132,38.0,0.002647000000024491,0.0,0.0003093994133704892
133,16.0,0.0011759999999867432,0.0,-7.830999771057728e-07
134,10.0,0.0007779999998547282,0.0,0.0005187908651556401
135,13.0,0.0009640000000672444,0.0,0.00010069489019982799
136,22.0,0.0017490000000179862,0.0,0.00025939543257782
137,8.0,0.0006359999999858701,0.0,0.00012969771628891004
138,9.0,0.0007150000001274748,0.0,0.0004305911466119295
139,4.0,0.00040399999988949276,0.0,0.0004493134143319482
140,23.0,0.0018250000000534783,0.0,5.034744509991402e-05
141,17.0,0.0013030000000071595,0.0,0.00029157650997921596
142,8.0,0.0007539999999153224,0.0,0.0002246567071659741
143,25.0,0.002028999999993175,0.0,0.00011232835358298708
144,93.0,0.006372999999939566,0.0,0.00027261570624966956
145,8.0,0.0006280000000060681,0.0,0.0003616231289824191
146,14.0,0.0010709999999107822,0.0,0.00014539354375851625
147,12.0,0.0008949999999003921,0.0,0.0005636169398753366
148,49.0,0.0033629999998083804,0.0,-0.0002441604029854182
149,13.0,0.0009580000000823929,0.0,0.00013630785312483478
150,46.0,0.003163000000085958,0.0,0.00017675022750419087
151,63.0,0.004940000000033251,0.0,0.000286403382438586
152,22.0,0.0017539999998916755,0.0,7.269677187925812e-05
153,9.0,0.0007729999999810389,0.0,0.0005352951509422124
154,5.0,0.000473000000056345,0.0,0.0003219277605894753
155,36.0,0.0025749999999788997,0.0,8.480187072450282e-05
156,19.0,0.0013770000000477012,0.0,0.0005584006354483098
157,18.0,0.001299999999901047,0.0,0.00022849707608274745
158,30.0,0.002177999999958047,0.0,0.00010749058707453017
159,4.0,0.000367999999980384,0.0,0.0002792003177241549
160,12.0,0.0008869999999205902,0.0,0.0001396001588620775
161,11.0,0.0008219999999710126,0.0,6.980007943103875e-05
162,15.0,0.0010899999999764987,0.0,0.00015554297404744995
163,5.0,0.0004930000000058499,0.0,0.000519965277286836
164,20.0,0.001596999999947002,0.0,0.00011424853804137372
165,28.0,0.002406000000064523,0.0,-0.0003036893994724818
166,56.0,0.005280999999968117,0.0,0.00025998263864341806
167,11.0,0.0009959999999864522,0.0,0.00041675338395011407
168,6.0,0.0005790000000160944,0.0,0.0003461271340642441
169,11.0,0.0009219999999459105,0.0,0.0004065196673360608
170,25.0,0.0018139999999675638,0.0,2.517372254995701e-05
171,23.0,0.0016310000000885339,0.0,0.00044638344115519675
172,51.0,0.003881000000092172,0.0,-6.772781108428097e-06
173,4.0,0.0004069999999956053,0.0,0.0004037977346533551
174,9.0,0.0007219999999961146,0.0,0.0005827147600666373
175,43.0,0.0034439999999449356,0.0,0.0004506183588609755
176,12.0,0.0010280000001330336,0.0,0.000173063567032122
177,15.0,0.0015600000001541048,0.0,5.712426902068689e-05
178,16.0,0.0016479999999319261,0.0,9.899145518569002e-05
179,82.0,0.006471999999803302,0.0,0.00017966451223520375
180,10.0,0.0008009999999103457,0.0,0.00042489747438687845
181,18.0,0.0013329999999314168,0.0,8.224913632032618e-05
182,21.0,0.0015339999999923748,0.0,0.00021244873719343922
183,11.0,0.000822999999854801,0.0,0.0003173902095435147
184,33.0,0.0026000000000294676,0.0,0.0001586951047717574
185,13.0,0.0010560000000623404,0.0,4.949572759284501e-05
186,10.0,0.0007880000000568543,0.0,0.00042461062118282357
187,11.0,0.0009129999998549465,0.0,0.00021230531059141178
188,37.0,0.0027279999999336724,0.0,2.4747863796422504e-05
189,33.0,0.0033610000000408036,0.0,0.00043282731576530393
190,15.0,0.0011890000000676082,0.0,0.00045940236398793233
191,76.0,0.005493999999998778,0.0,0.0001898460735955293
192,30.0,0.002420999999912965,0.0,0.00014969207253176617
193,50.0,0.003868000000011307,0.0,0.000439326284579881
194,4.0,0.0004890000000159489,0.0,0.00048255995295578056
195,28.0,0.002186999999821637,0.0,8.421769423212853e-05
196,8.0,0.0007609999997839623,0.0,0.0004942319522088639
197,81.0,0.005971000000045024,0.0,0.0004077239267674343
198,23.0,0.0017029999999067513,0.0,-0.00010067810773065902
199,39.0,0.003061999999999898,0.0,0.00015029702250491343
200,13.0,0.0010839999999916472,0.0,0.0005499595971238161
201,60.0,0.004705000000058135,0.0,0.00020386196338371715
202,12.0,0.0013809999998102285,0.0,0.00010193098169185852
203,7.0,0.0007800000000770524,0.0,0.0005585718176777545
204,55.0,0.0041220000000521395,0.0,-0.00016995747578969886
205,49.0,0.0036500000001069566,0.0,-3.3863905542140483e-06
206,17.0,0.0012460000000373839,0.0,0.0005071257441362483
207,8.0,0.0006379999999808206,0.0,0.0004601799033207535
208,72.0,0.005830000000059954,0.0,1.3043231581038326e-05
209,28.0,0.002028999999993175,0.0,0.00010951399918280127
210,58.0,0.004642999999987296,0.0,0.0005461398916276625
211,26.0,0.0020799999999780994,0.0,0.0002730699458138312
212,8.0,0.0007110000001375738,0.0,0.00013653497290691563
213,23.0,0.0017470000000230357,0.0,0.00035579211517920484
214,32.0,0.0025269999998727144,0.0,0.0003815211270637788
215,18.0,0.0014869999999973516,0.0,0.0005775317090324371
216,16.0,0.0014059999998607964,0.0,0.0002887658545162185
217,19.0,0.0014450000001033914,0.0,0.00014438292725810925
218,22.0,0.001997999999957756,0.0,0.00019076056353188944
219,4.0,0.000371999999970285,0.0,7.219146362905462e-05
220,13.0,0.0009840000000167493,0.0,0.0005148127492464356
221,29.0,0.002207999999882304,0.0,0.0005091062281826732
222,7.0,0.000665000000026339,0.0,0.0005928944865434314
223,31.0,0.002476000000115164,0.0,0.00011871143562249497
224,23.0,0.0018250000000534783,0.0,9.560976110214287e-06
225,39.0,0.003093999999919106,0.0,0.00025263273481124845
226,38.0,0.002921999999898617,0.0,0.0003666071937073588
227,6.0,0.0005400000000008731,0.0,0.0005546452837635741
228,46.0,0.0034479999999348365,0.0,0.0001398505736543409
229,12.0,0.0009179999999560096,0.0,0.000277322641881787
230,36.0,0.0027660000000651053,0.0,0.00012472598362155965
231,9.0,0.0007380000001830922,0.0,0.00018330359685367944
232,16.0,0.0011609999999109277,0.0,0.00042086735252751896
233,30.0,0.0021729999998569838,0.0,-9.074979281446734e-05
234,17.0,0.0013950000000022555,0.0,9.165179842683972e-05
235,13.0,0.0011359999998603598,0.0,0.0003227059498694568
236,26.0,0.0020469999999477295,0.0,0.0002104336762637595
237,26.0,0.002079000000094311,0.0,0.00012445839851247457
238,15.0,0.0011669999998957792,0.0,0.0001613529749347284
239,20.0,0.0014880000001085136,0.0,0.00025645962847235397
240,10.0,0.0007880000000568543,0.0,0.00029157298720238324
241,32.0,0.0024359999999887805,0.0,0.00045214235652264766
242,15.0,0.0011469999999462743,0.0,0.0003921323072760183
243,19.0,0.0016239999999925203,0.0,0.0001644105203678819
244,22.0,0.001600999999936903,0.0,0.0004429923136048232
245,4.0,0.0003609999998843705,0.0,0.0002214961568024116
246,31.0,0.0024860000000899163,0.0,0.00022607117826132383
247,4.0,0.00036199999999553256,0.0,0.00014578649360119157
248,19.0,0.0015069999999468564,0.0,0.0001107480784012058
249,7.0,0.0006269999998949061,0.0,0.00041631516736747405
250,22.0,0.0018000000000029104,0.0,0.00032612217177399
251,39.0,0.0030239999998684652,0.0,0.00011303558913066194
252,24.0,0.0018139999999675638,0.0,0.0005170889995932853
253,8.0,0.000647999999955573,0.0,0.0002585444997966426
254,37.0,0.0028770000001259177,0.0,0.0004899072287829587
255,11.0,0.0008480000001327426,0.0,0.0005376438844569176
256,14.0,0.0013460000000122818,0.0,0.0004562947566199143
257,5.0,0.0004450000001270382,0.0,0.00026882194222845886
258,20.0,0.0014730000000326982,0.0,2.5228412708275022e-05
259,23.0,0.0016740000000936561,0.0,5.9355717811247484e-05
260,28.0,0.001960999999937485,0.0,2.9677858905623796e-05
261,7.0,0.0006180000000313157,0.0,0.0005532743893375003
262,13.0,0.0010749999999006832,0.0,0.0004751291500133841
263,6.0,0.0005550000000766886,0.0,0.0002375645750066921
264,9.0,0.0008100000000013097,0.0,0.00027663719466875013
265,34.0,0.0026499999999032298,0.0,0.0001771669238904027
266,25.0,0.0018340000001444423,0.0,0.0004517181465553615
267,20.0,0.0014599999999518332,0.0,0.0003488956863757683
268,10.0,0.0007800000000770524,0.0,0.0001744478431878842
269,64.0,0.004359000000022206,0.0,-0.00013679832126371836
270,24.0,0.001702000000022963,0.0,0.0005600615556210172
271,15.0,0.0011540000000422879,0.0,8.72239215939421e-05
272,15.0,0.0010939999999663996,0.0,4.3611960796971104e-05
273,6.0,0.0005340000000160217,0.0,0.00048817566202617307
274,6.0,0.0004899999998997373,0.0,0.0002440878310130865
275,52.0,0.004173000000037064,0.0,0.0004742064501501606
276,12.0,0.000998999999865191,0.0,8.067648746736423e-05
277,12.0,0.0009950000001026638,0.0,0.0004749441258710165
278,8.0,0.0006980000000567088,0.0,0.00037394241735732946
279,6.0,0.0005479999999806751,0.0,0.0001869712086786647
280,20.0,0.0014280000000326254,0.0,0.00023747206293550822
281,43.0,0.003003000000035172,0.0,0.0001718526528998819
282,30.0,0.0021100000001297303,0.0,0.00018840423673674553
283,14.0,0.00102799999990566,0.0,0.00025468687523283066
284,23.0,0.0016310000000885339,0.0,0.00038535762096166063
285,4.0,0.00037699999984397436,0.0,0.0005916695115097185
286,9.0,0.0006929999999556458,0.0,0.0001926788104808303
287,26.0,0.0018410000000130822,0.0,0.0003580555040545707
288,19.0,0.0014510000000882428,0.0,-1.6579577262990195e-05
289,9.0,0.0007729999999810389,0.0,9.63394052404152e-05
290,29.0,0.0023980000000847213,0.0,4.81697026202076e-05
291,12.0,0.0009669999999459833,0.0,2.4084851310103746e-05
292,31.0,0.002375000000029104,0.0,0.0005748310268808609
293,4.0,0.000394000000142114,0.0,0.0002874155134404305
294,12.0,0.000954000000092492,0.0,0.00022638374745171449
295,22.0,0.0015640000001440058,0.0,0.00035457028953453216
296,33.0,0.0023149999999532156,0.0,0.0001772851447672661
297,44.0,0.0030469999999240827,0.0,-0.0003662916795911602
298,19.0,0.0013670000000729488,0.0,0.0005526186445304741
299,30.0,0.0022140000000945292,0.0,0.0002996126396601453
300,15.0,0.0010979999999563006,0.0,0.00014980631983007263
301,10.0,0.001007999999956155,0.0,0.00027630932226523704
302,10.0,0.000758000000132597,0.0,7.490315991503637e-05
303,93.0,0.007168999999976222,0.0,-7.679487836867861e-05
304,12.0,0.0009340000001429871,0.0,0.0004582576257709872
305,14.0,0.001159000000143351,0.0,0.00015075098672908327
306,15.0,0.0011319999998704589,0.0,7.537549336454163e-05
307,10.0,0.00094600000011269,0.0,0.0002291288128854936
308,25.0,0.0018279999999322172,0.0,0.0005862135631994899
309,65.0,0.004803999999921871,0.0,0.00020948077371317473
310,26.0,0.0018829999999070424,0.0,9.855216869126854e-05
311,29.0,0.0021110000000135187,0.0,0.0002414275794358083
312,25.0,0.001862000000073749,0.0,0.000537527437599799
313,45.0,0.0031300000000555883,0.0,0.0003254884882593702
314,14.0,0.0013059999998858984,0.0,0.0005316308319530931
315,19.0,0.0015470000000732398,0.0,0.0005665973243171411
316,4.0,0.0004209999999602587,0.0,0.0004359867967483901
317,7.0,0.000730999999859705,0.0,0.0004448735507178499
318,17.0,0.0018539999998665735,0.0,0.0004558867817532465
319,34.0,0.0027499999998781277,0.0,0.00012071378971790418
320,15.0,0.00112899999999172,0.0,0.0003764002489557195
321,15.0,0.0013320000000476284,0.0,0.00026581541597654653
322,37.0,0.0026409999998122657,0.0,0.0001882001244778598
323,9.0,0.0008909999999104912,0.0,0.00022243677535892497
324,14.0,0.0010519999998450658,0.0,0.00030185331735450887
325,14.0,0.0010529999999562278,0.0,0.00015092665867725446
326,60.0,0.00416599999994105,0.0,0.0005137885911220577
327,31.0,0.0025070000001505832,0.0,0.00017258844998840043
328,33.0,0.0024090000001706358,0.0,0.0003868106502771535
329,37.0,0.00274400000012065,0.0,0.0005862347497389265
330,31.0,0.0024290000001201406,0.0,0.0002742265407698187
331,72.0,0.005188000000089232,0.0,0.0004942711323217095
332,27.0,0.0019549999999526335,0.0,0.00018730232703051815
333,19.0,0.0014479999999821302,0.0,0.0004191774760402547
334,47.0,0.0033650000000307045,0.0,5.6659297711164776e-05
335,24.0,0.0019099999999525608,0.0,0.0005904652877783575
336,33.0,0.0023400000000037835,0.0,0.00011252557334851313
337,4.0,0.000381000000061249,0.0,0.0005776108906955027
338,8.0,0.0007120000000213622,0.0,0.00028880544534775135
339,17.0,0.0013069999999970605,0.0,0.00031589683023974926
340,29.0,0.0021990000000187138,0.0,0.0004154582934459169
341,30.0,0.002250000000003638,0.0,9.36511635152591e-05
342,44.0,0.0032490000000962027,0.0,0.00025466209213109584
343,49.0,0.003560000000106811,0.0,0.00020772914672295847
344,40.0,0.0028459999998631247,0.0,-0.000305349208722507
345,31.0,0.00221800000008443,0.0,0.00034128919532174884
346,8.0,0.0006249999998999556,0.0,0.00037797249579217475
347,53.0,0.004059000000097512,0.0,5.626278667425662e-05
348,24.0,0.0017949999999018473,0.0,0.00018898624789608737
349,23.0,0.0018069999998715502,0.0,0.0005314671050185447
350,36.0,0.0029589999999188876,0.0,0.00019362355564838613
351,15.0,0.0011870000000726577,0.0,0.00040468526577186296
352,34.0,0.0027720000000499567,0.0,0.00029621632412002316
353,27.0,0.0020509999999376305,0.0,0.00014810816206001155
354,10.0,0.000854000000117594,0.0,0.0005859635709937331
355,6.0,0.0005160000000614673,0.0,0.00020234263288593148
356,25.0,0.0018299999999271677,0.0,0.0004253511864423259
357,28.0,0.002036999999972977,0.0,0.00028758717440187
358,22.0,0.00169000000005326,0.0,0.00029298178549686655
359,15.0,0.0011070000000472646,0.0,0.0004042270149987588
360,15.0,0.0011089999998148414,0.0,0.00023710909638542438
361,8.0,0.0007009999999354477,0.0,0.00014649089274843333
362,19.0,0.0016000000000531145,0.0,0.0005197416901148588
363,6.0,0.0006169999999201536,0.0,0.00034913652757758443
364,48.0,0.003576000000066415,0.0,0.0002346524075591672
365,15.0,0.0012450000001535955,0.0,7.324544637421666e-05
366,10.0,0.0008049999999002466,0.0,0.00048782660361815835
367,7.0,0.0005659999999352294,0.0,3.662272318710833e-05
368,37.0,0.002682000000049811,0.0,0.0003455086357927006
369,22.0,0.001583999999866137,0.0,0.0005236094172469523
370,31.0,0.002187000000049011,0.0,0.0005037758021161925
371,12.0,0.0009909999998853891,0.0,0.0004684006783699364
372,18.0,0.0013080000001082226,0.0,0.00026180470862347617
373,16.0,0.001207999999905951,0.0,0.0005558828738032632
374,4.0,0.0003560000000106811,0.0,0.0003954995359851753
375,53.0,0.003769000000147571,0.0,0.00014899730828604697
376,12.0,0.0009860000000116997,0.0,0.00046194726161610566
377,23.0,0.0018039999999928114,0.0,0.0001173262037795836
378,4.0,0.0004249999999501597,0.0,0.0005775710114941078
379,56.0,0.003992000000152984,0.0,0.00044692008794536785
380,6.0,0.0004890000000159489,0.0,0.00037549113301213515
381,14.0,0.001030000000127984,0.0,0.00044298557094489706
382,14.0,0.001025000000026921,0.0,0.00038361879371517227
383,17.0,0.0014750000000276486,0.0,0.0002779414369016316
384,27.0,0.0019340000001193403,0.0,0.00022149278547244853
385,24.0,0.0019469999999728316,0.0,0.00046123242325012663
386,13.0,0.0009720000000470463,0.0,0.0003741770924770406
387,37.0,0.0026669999999739957,0.0,0.0002482182957421879
388,18.0,0.001290999999810083,0.0,0.00011074639273622429
389,18.0,0.0013579999999819847,0.0,0.000570517157969157
390,11.0,0.0011409999999614229,0.0,0.0002852585789845785
391,43.0,0.004251000000067506,0.0,0.0005137024821744323
392,30.0,0.0023360000000138825,0.0,0.000339147090256058
393,26.0,0.0019500000000789441,0.0,0.00030153578611063543
394,31.0,0.0023029999999835127,0.0,-5.033905386532956e-05
395,13.0,0.0010179999999309075,0.0,0.0005569682166390827
396,26.0,0.0019690000001446606,0.0,0.0003921079094948766
397,24.0,0.0017660000000887521,0.0,0.00019533544219085762
398,18.0,0.0013380000000324799,0.0,-7.694531757226019e-05
399,11.0,0.0009089999998650455,0.0,0.00035089283270882507
400,54.0,0.00402299999996103,0.0,0.0003073648485164887
401,39.0,0.0032810000000154105,0.0,4.707182517981601e-05
402,16.0,0.0014869999999973516,0.0,0.00012149292571732805
403,5.0,0.00045999999997548,0.0,0.0005781763492627961
404,10.0,0.0007890000001680164,0.0,0.0005235786839171684
405,13.0,0.0010110000000622676,0.0,0.0002978943061927306
406,32.0,0.0022950000000037107,0.0,0.00033173500032417677
407,15.0,0.0011640000000170403,0.0,0.0004086160135989784
408,4.0,0.000371999999970285,0.0,0.00045821704573197124
409,17.0,0.0014580000001842564,0.0,0.00016586750016208838
410,13.0,0.0009860000000116997,0.0,0.0005448791705056646
411,8.0,0.0006819999998697313,0.0,0.00039235770985073
412,16.0,0.0013579999999819847,0.0,0.00020875208069055275
413,19.0,0.001400999999987107,0.0,0.0003967364945965492
414,27.0,0.0021730000000843575,0.0,0.0005195555341371365
415,30.0,0.002261999999973341,0.0,0.0004682372203299829
416,20.0,0.0018390000000181317,0.0,0.0006114717263753657
417,21.0,0.0016180000000076689,0.0,0.0004687252940070452
418,12.0,0.0009740000000419968,0.0,8.293375008104425e-05
419,37.0,0.002639000000044689,0.0,0.000542393995481718
420,13.0,0.0010599999998248677,0.0,0.000271196997740859
421,11.0,0.000853000000006432,0.0,0.0005030226492215147
422,39.0,0.0031820000001516746,0.0,6.222919925623729e-05
423,7.0,0.0005819999998948333,0.0,0.0005589736396222573
424,11.0,0.0008499999999003194,0.0,0.0002794868198111286
425,20.0,0.0015099999998255953,0.0,0.00048470491962482613
426,17.0,0.001251000000138447,0.0,0.0003738569326804603
427,13.0,0.0010859999999865977,0.0,0.00018692846634023015
428,11.0,0.0008379999999306165,0.0,9.346423317011508e-05
429,26.0,0.0022339999998166604,0.0,4.673211658505754e-05
430,17.0,0.0013030000000071595,0.0,0.0005628002174087334
431,12.0,0.0009119999999711581,0.0,0.0004967826395325284
432,74.0,0.005143999999972948,0.0,0.00020062361631156014
433,25.0,0.0017969999998967978,0.0,0.0001003118081557801
434,74.0,0.005290999999942869,0.0,0.0002706104296395749
435,8.0,0.0006469999998444109,0.0,4.146687504052212e-05
436,5.0,0.0005410000001120352,0.0,0.00035500657176455264
437,18.0,0.0013670000000729488,0.0,3.111459962811864e-05
438,25.0,0.0018520000000989967,0.0,0.0001514428960433831
439,52.0,0.0036870000001272274,0.0,5.015590407789005e-05
440,10.0,0.000757000000021435,0.0,0.0001969803500292111
441,33.0,0.002463000000034299,0.0,0.00020668657198555647
442,9.0,0.0006949999999505962,0.0,0.0005280955527377225
443,4.0,0.0003530000001319422,0.0,0.00026404777636886124
444,14.0,0.0010240000001431326,0.0,0.00041129805996969896
445,35.0,0.0024229999999079155,0.0,0.00034458248794254294
446,18.0,0.001291999999921245,0.0,0.0001880979162638754
447,25.0,0.0017500000001291482,0.0,0.00046723951817104236
448,5.0,0.000490000000127111,0.0,0.0005918668339725921
449,10.0,0.0007550000000264845,0.0,0.00023361975908552118
450,57.0,0.0038819999999759602,0.0,0.00011680987954276062
451,5.0,0.00041800000008151983,0.0,0.0005751350689771381
452,58.0,0.004280000000107975,0.0,0.0005172021845522019
453,8.0,0.0006210000001374283,0.0,0.00041934800453136167
454,58.0,0.004144999999880383,0.0,5.002220630974917e-05
455,49.0,0.0036939999999958673,0.0,0.0002096740022656809
456,10.0,0.0007749999999759893,0.0,0.00010483700113284044
457,20.0,0.001506000000063068,0.0,5.241850056642017e-05
458,16.0,0.0012349999999514694,0.0,2.6209250283210084e-05
459,22.0,0.0015640000001440058,0.0,0.0004271974695257396
460,39.0,0.0026970000001256267,0.0,0.0004365827004637982
461,17.0,0.001226000000087879,0.0,0.00010334328599277822
462,11.0,0.0008199999999760621,0.0,1.3104625141605042e-05
463,21.0,0.0016999999998006388,0.0,6.552312570802521e-06
464,49.0,0.003674999999930151,0.0,0.00043846252366957095
465,6.0,0.0005869999999958964,0.0,0.0005379442597667199
466,24.0,0.0021440000000438886,0.0,0.00018071333433095012
467,35.0,0.002999000000045271,0.0,0.00023411861016499146
468,17.0,0.0013529999998809217,0.0,0.00018641326921289933
469,12.0,0.001023999999915759,0.0,0.00043524858835369243
470,31.0,0.0025319999999737774,0.0,0.0002605154866630152
471,17.0,0.001410000000078071,0.0,0.00017063316024548746
472,10.0,0.0007990000001427688,0.0,0.0005282021392362222
473,23.0,0.002253999999993539,0.0,0.0004604695234614524
474,31.0,0.0025610000000142463,0.0,0.0002302347617307262
475,51.0,0.004210999999941123,0.0,0.0004809653134595426
476,8.0,0.0007140000000163127,0.0,0.000567491201512492
477,52.0,0.0038170000000263826,0.0,0.0001170593050824957
478,17.0,0.0013329999999314168,0.0,0.00040109870070145504
479,9.0,0.0007090000001426233,0.0,0.0005819685794872944
480,11.0,0.0011950000000524597,0.0,0.00039983509173186545
481,7.0,0.0005790000000160944,0.0,0.00029098428974364714
482,27.0,0.0019340000001193403,0.0,0.00045466294768124104
483,27.0,0.0019330000000081782,0.0,0.000376295682629328
484,28.0,0.0019480000000839937,0.0,0.0004844622362045733
485,37.0,0.002651000000014392,0.0,0.0003599204072928853
486,93.0,0.006448999999975058,0.0,8.531658012274373e-05
487,16.0,0.0012099999999009015,0.0,0.000612794169498421
488,12.0,0.0008960000000115542,0.0,0.00019757276271523084
489,31.0,0.002252999999882377,0.0,0.0003063970847492105
490,38.0,0.0026450000000295404,0.0,0.0005382213503664641
491,40.0,0.002772999999933745,0.0,0.00025769687067005794
492,11.0,0.0008179999999811116,0.0,0.00032414058566573173
493,12.0,0.0008860000000368018,0.0,9.878638135761542e-05
494,11.0,0.0008880000000317523,0.0,0.00019795710612347482
495,8.0,0.0006170000001475273,0.0,0.00016207029283286586
496,14.0,0.0010179999999309075,0.0,8.103514641643293e-05
497,11.0,0.0008169999998699495,0.0,4.0517573208216466e-05
498,6.0,0.00048600000013721,0.0,2.0258786604108233e-05
499,22.0,0.0015579999999317806,0.0,9.897855306173741e-05
500,20.0,0.0014249999999265128,0.0,0.000245019229217426
501,94.0,0.006493000000091342,0.0,0.0006007810685525034
502,8.0,0.0006229999999050051,0.0,4.939319067880771e-05
503,11.0,0.0008199999999760621,0.0,0.0004460868764219262
504,26.0,0.0018240000001696899,0.0,0.0004520336435686619
505,8.0,0.0006209999999100546,0.0,0.00022601682178433096
506,43.0,0.003073999999969601,0.0,0.00014180410629679882
507,4.0,0.00036100000011174416,0.0,0.0003172406635892606
508,43.0,0.003099000000020169,0.0,0.0003255335954416032
509,14.0,0.0010519999998450658,0.0,0.000539051403455555
510,23.0,0.0016630000000077416,0.0,2.353591258990803e-05
511,6.0,0.0004989999999907013,0.0,0.0005345903748817803
512,26.0,0.001876999999922191,0.0,0.0003497794747008464
513,20.0,0.0014590000000680448,0.0,0.0006264628558702129
514,29.0,0.0020839999999680003,0.0,0.0002672951874408902
515,8.0,0.0006359999999858701,0.0,0.0003132314279351064
516,5.0,0.0004930000000058499,0.0,0.00013364759372044507
517,55.0,0.003954000000021551,0.0,-3.847265878613004e-05
518,11.0,0.0008390000000417785,0.0,0.0005185224376198032
519,28.0,0.0020190000000184227,0.0,0.00017488973735042314
520,31.0,0.0022189999999682186,0.0,0.0005557434259142784
521,7.0,0.0005670000000463915,0.0,0.0004490028480318769
522,11.0,0.000839999999925567,0.0,0.00037594917012701706
523,51.0,0.0035679999998592393,0.0,2.5011103154874638e-05
524,48.0,0.003725999999915075,0.0,0.0003810876631799405
525,27.0,0.002028999999993175,0.0,0.0004426790180950662
526,34.0,0.0025309999998626154,0.0,0.00044176161209962347
527,32.0,0.002780999999913547,0.0,0.00019054383158997022
528,10.0,0.0009290000000419241,0.0,0.0006044962408637556
529,8.0,0.0008060000000114087,0.0,0.0003022481204318779
530,16.0,0.0013599999999769352,0.0,0.0004107181973798341
531,10.0,0.0010819999999966967,0.0,0.0005556437100747295
532,18.0,0.0015630000000328437,0.0,0.0004509304934489071
533,49.0,0.003737999999884778,0.0,-0.00028439267015762564
534,17.0,0.0013850000000275031,0.0,0.0003967754898993214
535,45.0,0.003441999999949985,0.0,9.527191579498506e-05
536,50.0,0.0035849999999300053,0.0,0.0003685658448627241
537,8.0,0.000647999999955573,0.0,0.0003812075825424458
538,15.0,0.0011299999998755084,0.0,0.0002213395090475331
539,6.0,0.0006249999998999556,0.0,0.0005338576542297161
540,42.0,0.004239000000097803,0.0,4.948927653086873e-05
541,14.0,0.0013699999999516876,0.0,0.0005097853388639521
542,18.0,0.001335000000153741,0.0,0.0005300127564015432
543,5.0,0.0004470000001219887,0.0,0.00026500637820077157
544,11.0,0.0009640000000672444,0.0,0.0002548926694319761
545,42.0,0.003016000000116037,0.0,0.0003157405363633351
546,30.0,0.002187000000049011,0.0,0.0006292575614269656
547,4.0,0.00036100000011174416,0.0,0.0006281422024526423
548,30.0,0.0021160000001145818,0.0,0.000370776175674225
549,8.0,0.0006289999998898566,0.0,0.0005596571695504482
550,13.0,0.0009609999999611318,0.0,0.00044700375508345156
551,34.0,0.002376000000140266,0.0,0.0002862051617588294
552,4.0,0.0003530000001319422,0.0,0.0005526498507893373
553,6.0,0.0004959999998845888,0.0,0.00027632492539466866
554,18.0,0.001297000000022308,0.0,0.00031462878071348286
555,28.0,0.0021269999999731226,0.0,0.0004837111872647287
556,17.0,0.0015490000000681903,0.0,0.00013816246269733427
557,20.0,0.001462999999830572,0.0,0.0004871594144475974
558,6.0,0.0004970000002231245,0.0,0.0003248984428709808
559,24.0,0.0017250000000785803,0.0,0.0002142897068089993
560,18.0,0.0013269999999465654,0.0,0.00024357970722379868
561,9.0,0.0006960000000617583,0.0,0.00046197328884300807
562,12.0,0.0008989999998902931,0.0,0.0005126955788319707
563,23.0,0.0016310000000885339,0.0,0.00032835699029093674
564,7.0,0.0006620000001476001,0.0,0.00048191329796791585
565,14.0,0.0012219999998706044,0.0,0.00037311393728275776
566,11.0,0.0008339999999407155,0.0,6.0746462858664026e-05
567,20.0,0.0014259999998103012,0.0,0.00012178985361189934
568,20.0,0.0016880000000583095,0.0,0.0005130620786829906
569,22.0,0.0016449999998258136,0.0,0.00047332148198602977
570,23.0,0.0016720000000987056,0.0,0.0005401908978218339
571,4.0,0.00036199999999553256,0.0,0.00036622884786044886
572,40.0,0.003112000000101034,0.0,4.150868203015674e-05
573,9.0,0.0007040000000415603,0.0,0.000598676996942853
574,7.0,0.00056100000006154,0.0,0.0005266652752399022
575,20.0,0.0014400000000023283,0.0,0.0001431025808794147
576,24.0,0.0017050000001290755,0.0,0.00011145031409010193
577,39.0,0.0027199999999538704,0.0,0.00016417849514546837
578,16.0,0.0015189999999165593,0.0,0.0005516979088176565
579,6.0,0.0005390000001170847,0.0,0.00018311442393022443
580,16.0,0.0011589999999159772,0.0,9.155721196511227e-05
581,22.0,0.0015619999999216816,0.0,0.00027584895440882826
582,6.0,0.000906999999870095,0.0,0.0002993384984714264
583,13.0,0.0013130000002092856,0.0,0.00014966924923571318
584,40.0,0.003300000000081127,0.0,9.028320863935306e-05
585,50.0,0.0036290000000462896,0.0,0.00044852249405423657
586,14.0,0.00112200000012308,0.0,0.0003121487482881085
587,17.0,0.0012819999999464926,0.0,8.208924757273416e-05
588,26.0,0.0019059999999626598,0.0,0.0003816635620485126
589,11.0,0.000853000000006432,0.0,0.0006079821172458659
590,5.0,0.0004380000000310247,0.0,0.000303991058622933
591,4.0,0.00041799999985414615,0.0,0.00019083178102425637
592,62.0,0.004646999999977197,0.0,0.00031315823163663025
593,13.0,0.0009729999999308347,0.0,0.0003449890675137012
594,4.0,0.0003560000000106811,0.0,0.00015657911581831512
595,16.0,0.0014040000000932196,0.0,0.0004564215416651121
596,12.0,0.0009430000000065775,0.0,0.00022821077083255605
597,77.0,0.0054480000001149165,0.0,0.00024224379646659396
598,12.0,0.0009529999999813299,0.0,0.00015607437414405425
599,8.0,0.000665000000026339,0.0,0.00011410538541627808
600,54.0,0.003721999999925174,0.0,0.00011050425231405375
601,16.0,0.0011710000001130538,0.0,0.0005348986138574397
602,15.0,0.0011010000000624132,0.0,0.00017229124397127144
603,13.0,0.0014169999999467109,0.0,5.705269270813904e-05
604,16.0,0.0015699999999014835,0.0,0.00045435454229864893
605,9.0,0.0008379999999306165,0.0,0.00022717727114932447
606,44.0,0.003267000000050757,0.0,0.0003542979812704587
607,31.0,0.002447000000074695,0.0,0.0004163675269944465
608,28.0,0.0020269999999982247,0.0,0.0004905929236305596
609,25.0,0.0018489999999928841,0.0,0.0005658666388551161
610,37.0,0.002768999999943844,0.0,5.5252126157026875e-05
611,4.0,0.0005029999999806023,0.0,0.00028293331942755805
612,8.0,0.0006510000000616856,0.0,0.0003375494299308266
613,26.0,0.002062000000023545,0.0,0.0004044075493327995
614,10.0,0.0008649999999761349,0.0,0.0002022037746663998
615,18.0,0.001393000000007305,0.0,0.0003323726260922537
616,34.0,0.002804999999852953,0.0,0.0001011018873331999
617,18.0,0.0013650000000779983,0.0,0.00014146665971377908
618,10.0,0.001002999999855092,0.0,7.073332985688954e-05
619,34.0,0.002437999999983731,0.0,0.00037323693516763017
620,27.0,0.0021430000001601,0.0,0.0004135895645888137
621,6.0,0.0005449999998745625,0.0,5.055094366659995e-05
622,24.0,0.001790000000028158,0.0,0.00018661846758381509
623,21.0,0.0015379999999822758,0.0,7.449865414302348e-05
624,9.0,0.0007020000000466098,0.0,0.0005648691149559625
625,9.0,0.0007550000000264845,0.0,0.0005301103460415744
626,30.0,0.0021360000000640866,0.0,0.0005888017950369552
627,20.0,0.0015319999999974243,0.0,0.0005688749727639374
628,18.0,0.0014599999999518332,0.0,0.0004169468684104344
629,13.0,0.0009770000001481094,0.0,0.0005022949463994703
630,21.0,0.001852999999982785,0.0,0.00012606860911018255
631,11.0,0.0008559999998851708,0.0,0.0003941467032068084
632,68.0,0.004990999999790802,0.0,-0.0001970339924140496
633,44.0,0.0041969999999764696,0.0,1.2505551577437373e-05
634,34.0,0.0024809999999888532,0.0,0.00047669297777122707
635,18.0,0.0013309999999364663,0.0,0.0005884559836761114
636,25.0,0.0021090000000185682,0.0,0.00015736139685117607
637,27.0,0.002136999999947875,0.0,0.0005960372374855016
638,39.0,0.0028699999998025305,0.0,7.8680698425588e-05
639,19.0,0.001404999999977008,0.0,0.0005036344646429387
640,25.0,0.0019389999999930296,0.0,0.000287191205474161
641,13.0,0.001007999999956155,0.0,0.0005548125113149433
642,13.0,0.0010450000002037996,0.0,0.0002774062556574716
643,13.0,0.0009910000001127628,0.0,0.00013870312782873577
644,18.0,0.0013319999998202547,0.0,0.00027561988867981794
645,24.0,0.0017869999999220454,0.0,0.00013780994433990903
646,6.0,0.0005029999999806023,0.0,0.0006051247685840241
647,6.0,0.0005190000001675799,0.0,0.0002518172323214694
648,11.0,0.000937000000021726,0.0,0.0002944008975184776
649,22.0,0.0016339999999672727,0.0,0.0004063260472777691
650,18.0,0.0013500000000021828,0.0,0.00012590861616073473
651,29.0,0.002151000000139902,0.0,0.0003982626256876609
652,35.0,0.00253500000007989,0.0,0.00016276679772080159
653,8.0,0.000653000000056636,0.0,0.0005712195729186162
654,17.0,0.0012899999999262945,0.0,0.0005444433111571861
655,18.0,0.001399999999875945,0.0,0.00026973268804509617
656,6.0,0.0005400000000008731,0.0,0.00046084345552689887
657,8.0,0.000722999999879903,0.0,0.00041542470641317704
658,13.0,0.0010980000001836743,0.0,0.0004720287018472577
659,10.0,0.0008510000000114815,0.0,8.590893602454703e-05
660,24.0,0.0020090000000436703,0.0,8.614562198563578e-05
661,13.0,0.0010410000002138986,0.0,0.00023135435841895762
662,18.0,0.0014040000000932196,0.0,0.00017502016687135513
663,9.0,0.0007529999998041603,0.0,0.0005409987288413332
664,40.0,0.003015000000004875,0.0,0.0004812915479550759
665,9.0,0.0009099999999762076,0.0,0.00030164090809403177
666,31.0,0.002304999999978463,0.0,7.944564644738242e-05
667,10.0,0.001029000000016822,0.0,0.0005257506250722478
668,5.0,0.00048399999991488585,0.0,0.00024064577397753793
669,38.0,0.0037130000000615837,0.0,0.0005159121390296193
670,23.0,0.002191000000038912,0.0,0.00015082045404701588
671,10.0,0.0008680000000822474,0.0,0.0005596511742588892
672,23.0,0.0018930000001091685,0.0,0.00034301622826912867
673,41.0,0.003520999999864216,0.0,0.0006029179689340363
674,26.0,0.001935999999886917,0.0,0.0001435956027370805
675,8.0,0.0006909999999606953,0.0,0.0005162748400991371
676,24.0,0.0018209999998362036,0.0,-1.826053039191331e-05
677,8.0,0.0008749999999508873,0.0,0.0002581374200495685
678,19.0,0.001414000000067972,0.0,0.00012906871002478428
679,48.0,0.00359600000001592,0.0,0.0005220213786012444
680,26.0,0.0019270000000233267,0.0,0.0002610106893006222
681,44.0,0.003141000000141503,0.0,7.179780136854028e-05
682,9.0,0.0007089999999152496,0.0,0.0005718238505908066
683,17.0,0.0012400000000525324,0.0,0.00028946217700630034
684,14.0,0.001033000000006723,0.0,0.0005911591879403321
685,12.0,0.0008989999998902931,0.0,0.00028591192529540325
686,9.0,0.0007249999998748535,0.0,0.0003304954553983118
687,24.0,0.0017159999999876163,0.0,0.0002488838383139763
688,9.0,0.0006999999998242856,0.0,0.0005444096596951551
689,8.0,0.0006280000000060681,0.0,0.0005996699689369024
690,28.0,0.00197400000001835,0.0,0.00012444191915698813
691,9.0,0.0006939999998394342,0.0,0.0002998349844684513
692,17.0,0.0012320000000727305,0.0,6.222095957849407e-05
693,21.0,0.0016789999999673455,0.0,0.00014365951622001425
694,22.0,0.0015710000000126456,0.0,0.0004260917177949615
695,11.0,0.000862000000097396,0.0,0.0004866314600370616
696,12.0,0.0008960000000115542,0.0,0.0002854607390646111
697,8.0,0.0006280000000060681,0.0,0.0005298190413938544
698,4.0,0.0003540000000157306,0.0,0.00026490952069692717
699,11.0,0.0008259999999609136,0.0,0.0004678849194484342
700,19.0,0.001402000000098269,0.0,0.000555611481492979
701,21.0,0.0015419999999721767,0.0,7.18297581100071e-05
702,7.0,0.0005779999999049323,0.0,0.000370885076113388
703,18.0,0.001496999999972104,0.0,0.000185442538056694
704,7.0,0.0006419999999707215,0.0,0.00039210438559114137
705,11.0,0.0009910000001127628,0.0,0.0003186769832717965
706,13.0,0.0011489999999412248,0.0,0.0005014672019206149
707,20.0,0.0015260000000125729,0.0,0.0004577927736199943
708,10.0,0.0008139999999912106,0.0,0.0003788980693491371
709,18.0,0.0013349999999263673,0.0,0.0005546971964998154
710,9.0,0.0007080000000314612,0.0,0.00036684613296341544
711,12.0,0.0009139999999661086,0.0,0.00018342306648170778
712,14.0,0.0011630000001332519,0.0,0.00024299052331667957
713,24.0,0.0017709999999624415,0.0,-1.9236329393064965e-05
714,4.0,0.0003970000000208529,0.0,9.171153324085389e-05
715,17.0,0.0013730000000578002,0.0,0.0005708892660739811
716,14.0,0.0010839999999916472,0.0,0.0004228504430506141
717,17.0,0.0013360000000375294,0.0,0.00021353792644582508
718,70.0,0.004912999999987733,0.0,0.00027734859824990774
719,16.0,0.0011859999999614956,0.0,0.0005746058619687039
720,7.0,0.0005710000000362925,0.0,0.00028730293098435197
721,20.0,0.001523000000133834,0.0,9.873258506158829e-05
722,19.0,0.0013899999999011925,0.0,0.00014273036953230556
723,15.0,0.0011759999999867432,0.0,0.0004021938108326357
724,21.0,0.0015390000000934378,0.0,0.00020109690541631788
725,18.0,0.0013259999998354033,0.0,0.00044054567286242943
726,15.0,0.0011179999999058055,0.0,0.0001391297393623399
727,16.0,0.001214000000118176,0.0,4.9366292530794145e-05
728,4.0,0.00040300000000570435,0.0,0.0003098013911557912
729,29.0,0.0022839999999177962,0.0,0.0002821816951166619
730,32.0,0.0028079999999590655,0.0,0.000539513516658642
731,47.0,0.003647000000000844,0.0,6.0837508233729895e-05
732,11.0,0.0009399999999004649,0.0,0.00015617973759374178
733,10.0,0.000849000000016531,0.0,0.0004455704667471521
734,17.0,0.0013699999999516876,0.0,0.0005540165129069883
735,7.0,0.000621999999793843,0.0,0.0004333004822341262
736,12.0,0.0009970000000976142,0.0,0.00035767078484884025
737,10.0,0.0008459999999104184,0.0,0.00017883539242442013
738,9.0,0.000735999999960768,0.0,0.00014109084755833088
739,9.0,0.0007060000000365108,0.0,0.00047539047018865327
740,18.0,0.0013429999999061693,0.0,0.0004104022716931255
741,37.0,0.0026290000000699365,0.0,0.0005753900158353179
742,11.0,0.0008439999999154679,0.0,0.00028769500791765896
743,9.0,0.0007270000000971777,0.0,0.00020520113584656275
744,9.0,0.0007410000000618311,0.0,0.00031971265497578475
745,13.0,0.0009900000000016007,0.0,0.00013867429912495385
746,8.0,0.0006390000000919827,0.0,0.00015985632748789238
747,6.0,0.0004989999999907013,0.0,0.00010260056792328132
748,28.0,0.0020099999999274587,0.0,0.00028341481230039617
749,15.0,0.0011660000000119908,0.0,7.992816374394619e-05
750,11.0,0.0009170000000722212,0.0,0.00039462794979613165
751,19.0,0.0015120000000479195,0.0,0.0002589614700047244
752,11.0,0.0009499999998752173,0.0,0.00014170740615019803
753,8.0,0.0006949999999505962,0.0,0.000590407369239944
754,23.0,0.0018199999999524152,0.0,0.00029520368461997195
755,31.0,0.0024269999998978165,0.0,7.808986879687086e-05
756,34.0,0.0026399999999284773,0.0,0.00019731397489806583
757,7.0,0.0006249999998999556,0.0,0.00030170290830757753
758,15.0,0.0012200000001030276,0.0,0.0003821341030605242
759,19.0,0.0015229999999064603,0.0,0.00017447096734438724
760,18.0,0.0014309999999113643,0.0,0.0005822317284025682
761,8.0,0.0006929999999556458,0.0,0.00044718028634354
762,21.0,0.0016579999999066786,0.0,0.00010774696516336875
763,30.0,0.002328999999917869,0.0,0.0001067689632229126
764,8.0,0.0007009999999354477,0.0,0.00042537404135668214
765,18.0,0.0013410000001385924,0.0,0.00022359014317176998
766,21.0,0.0015160000000378204,0.0,0.0005419110718793851
767,97.0,0.006724999999960346,0.0,0.000325459348552806
768,56.0,0.004008999999996377,0.0,0.0005385554541290444
769,5.0,0.00042900000016743434,0.0,0.00026927772706452214
770,18.0,0.0013160000000880245,0.0,0.00013463886353226107
771,11.0,0.0009679999998297717,0.0,6.731943176613059e-05
772,13.0,0.0010760000000118453,0.0,0.00024371143937378852
773,20.0,0.0015869999999722495,0.0,0.00031269461032757263
774,19.0,0.0015619999999216816,0.0,0.00036404136670712214
775,14.0,0.001147000000173648,0.0,0.0004819283748839891
776,26.0,0.0020469999999477295,0.0,5.33844816114563e-05
777,19.0,0.001510000000052969,0.0,0.00039446851447553886
778,6.0,0.0005419999999958236,0.0,0.0005392479732020684
779,19.0,0.0015189999999165593,0.0,0.00040567669724610243
780,61.0,0.004640999999992346,0.0,0.0004145863504969571
781,6.0,0.0005499999999756255,0.0,0.0005536269447106075
782,25.0,0.0019629999999324355,0.0,0.0004815070845673941
783,33.0,0.002548000000160755,0.0,-0.0004901701323893923
784,8.0,0.0006779999998798303,0.0,0.0003943696915216321
785,10.0,0.0007689999999911379,0.0,0.00019718484576081608
786,34.0,0.0024069999999483116,0.0,0.00041355495721844893
787,44.0,0.003164999999853535,0.0,0.000554017114896832
788,52.0,0.003735000000006039,0.0,0.00018266185764293454
789,27.0,0.002052999999932581,0.0,0.0002072931752484786
790,8.0,0.0006930000001830194,0.0,0.0005616904317091713
791,12.0,0.0009979999999814027,0.0,0.00036586633126831016
792,10.0,0.0008409999998093554,0.0,0.0005098414060445758
793,23.0,0.00183999999990192,0.0,0.00033128905436056544
794,20.0,0.0015890000001945737,0.0,8.611573338817332e-05
795,17.0,0.0013530000001082954,0.0,0.000330344867887878
796,9.0,0.000766000000112399,0.0,0.0005367977918764037
797,29.0,0.0022770000000491564,0.0,0.0002964114282816704
798,16.0,0.0012859999999363936,0.0,0.0003282696748997886
799,12.0,0.0009840000000167493,0.0,0.0004952715338456377
800,20.0,0.0014490000000932923,0.0,0.000564711234167012
801,15.0,0.001109000000042215,0.0,0.000282355617083506
802,12.0,0.0009529999999813299,0.0,0.000141177808541753
803,14.0,0.0010740000000168948,0.0,0.0005681497791242762
804,11.0,0.000839999999925567,0.0,0.000284074889562138
805,13.0,0.0009780000000318978,0.0,4.305786669408666e-05
806,24.0,0.0017330000000583823,0.0,-8.812815129072434e-05
807,36.0,0.002591999999822292,0.0,2.1528933347043358e-05
808,19.0,0.0014349999999012653,0.0,0.0005634822482437388
809,21.0,0.0015169999999216088,0.0,0.0005808909870019137
810,6.0,0.0004959999998845888,0.0,0.00029044549350095686
811,24.0,0.0017379999999320717,0.0,1.0764466673521679e-05
812,5.0,0.0004259999998339481,0.0,0.00046598994301873416
813,13.0,0.001050000000077489,0.0,0.00040693438354910054
814,18.0,0.001435000000128639,0.0,0.00014820571414083522
815,11.0,0.0009079999999812571,0.0,0.00023299497150936713
816,21.0,0.001676999999972395,0.0,0.00024763576692281877
817,12.0,0.0009939999999915017,0.0,0.00020346719177455027
818,9.0,0.0007659999998850253,0.0,0.00010173359588727519
819,13.0,0.0010640000000421423,0.0,0.00011649748575468357
820,34.0,0.0026199999999789725,0.0,0.0003503448267522327
821,10.0,0.0008360000001630397,0.0,0.00037462037704114515
822,13.0,0.0010649999999259308,0.0,0.0001238178834614094
823,48.0,0.003650999999990745,0.0,0.00033064079544617344
824,22.0,0.001728000000184693,0.0,6.190894173070476e-05
825,10.0,0.0008420000001478911,0.0,0.0003987035174340606
826,10.0,0.0008370000000468281,0.0,0.00022222480501400514
827,14.0,0.001136999999971522,0.0,0.0006131202731121363
828,9.0,0.0006980000000567088,0.0,0.0003065601365560681
829,14.0,0.001044999999976426,0.0,0.00034664274347459583
830,10.0,0.0007709999999860884,0.0,0.00040252681208679294
831,5.0,0.00043199999981879955,0.0,0.00015328006827803405
832,18.0,0.0013299999998253043,0.0,0.0004925995767389771
833,33.0,0.002418000000034226,0.0,0.0001553306296451687
834,12.0,0.0009010000001126173,0.0,0.00020126340604339652
835,6.0,0.0004950000000008004,0.0,0.00031237715824499184
836,35.0,0.0024580000001606095,0.0,0.0001827934101650858
837,16.0,0.0011799999999766442,0.0,0.00024286148462643553
838,18.0,0.0014300000000275759,0.0,0.00012143074231321779
839,11.0,0.0009140000001934823,0.0,0.00024629978836948857
840,4.0,0.00039199999991978984,0.0,0.0003486605581991397
841,29.0,0.0022799999999278953,0.0,0.0004874807397012616
842,26.0,0.002046000000063941,0.0,6.0715371156608896e-05
843,17.0,0.0013650000000779983,0.0,0.00016564452718028272
844,6.0,0.0005590000000665896,0.0,0.0004231481668673853
845,16.0,0.0012990000000172586,0.0,0.0005086358065519624
846,17.0,0.0014169999999467109,0.0,0.00016413483744989429
847,24.0,0.0018809999999120919,0.0,0.0005311221768198135
848,20.0,0.0016270000000986329,0.0,0.0002543179032759812
849,30.0,0.0023240000000441796,0.0,0.00026556108840990677
850,21.0,0.001584999999977299,0.0,0.0004568608860880127
851,12.0,0.0009719999998196727,0.0,0.0004963401302412153
852,71.0,0.005668000000014217,0.0,9.869515393529386e-05
853,41.0,0.003768000000036409,0.0,-4.729606014867668e-05
854,15.0,0.0012019999999210995,0.0,0.0002481700651206076
855,10.0,0.0007840000000669534,0.0,0.00012408503256030375
856,39.0,0.003132000000050539,0.0,6.204251628015188e-05
857,31.0,0.0029300000001057924,0.0,8.856061413369855e-05
858,10.0,0.0008230000000821747,0.0,0.0005784137797770618
859,7.0,0.0006000000000767614,0.0,0.0002892068898885309
860,23.0,0.0019019999999727588,0.0,0.0005171393269568106
861,26.0,0.0019789999998920393,0.0,6.174899721964137e-05
862,31.0,0.002222000000074331,0.0,0.0005080464655270265
863,13.0,0.0009849999999005377,0.0,0.00030725726863991057
864,9.0,0.0010520000000724394,0.0,0.00027383074759713174
865,26.0,0.0020219999998971616,0.0,0.0005328836958669676
866,8.0,0.0006620000001476001,0.0,0.0005578360873767741
867,10.0,0.0007820000000720029,0.0,0.0004967329305498291
868,7.0,0.0007879999998294807,0.0,0.0004192702685656693
869,13.0,0.001214000000118176,0.0,0.00020963513428283464
870,8.0,0.0007290000000921282,0.0,0.00026644184793348386
871,21.0,0.0017040000000179134,0.0,0.00022843044304400638
872,12.0,0.0009889999998904386,0.0,0.0004400800900074316
873,24.0,0.00187299999993229,0.0,0.00032181813693665204
874,23.0,0.0022010000000136642,0.0,0.000257597155476584
875,33.0,0.00298800000018673,0.0,0.00018417597636461456
876,14.0,0.0011010000000624132,0.0,0.0005832926950491229
877,13.0,0.001287999999931344,0.0,0.00013322092396674196
878,14.0,0.001414000000067972,0.0,0.00040044338331004
879,26.0,0.003608999999869411,0.0,0.000290025104042316
880,6.0,0.0006590000000414875,0.0,0.00020022169165502003
881,13.0,0.0013320000000476284,0.0,0.00014501255202115798
882,6.0,0.0006559999999353749,0.0,0.00029164634752456143
883,9.0,0.0015069999999468564,0.0,5.947405237299321e-05
884,16.0,0.0013790000000426517,0.0,0.0004566621143991694
885,33.0,0.002600999999913256,0.0,0.00048809057460919296
886,12.0,0.0010710000001381559,0.0,0.00040422434290925005
887,6.0,0.0007209999998849526,0.0,0.0005175874525084289
888,15.0,0.0015609999998105195,0.0,0.00024404528730459648
889,10.0,0.0009710000001632579,0.0,0.0004102423564340654
890,20.0,0.0016920000000482105,0.0,0.0004197136067692736
891,32.0,0.003658999999970547,0.0,0.0004427137840302635
892,14.0,0.0012810000000627042,0.0,0.0006094116555993466
893,32.0,0.002743000000009488,0.0,0.0003878627799113384
894,15.0,0.0018629999999575375,0.0,0.000201449388911129
895,8.0,0.0008260000001882872,0.0,0.00010072469445556451
896,34.0,0.0028890000000956206,0.0,-5.0561545986974456e-05
897,9.0,0.0008110000001124718,0.0,0.000490759727371599
898,21.0,0.0018589999999676365,0.0,0.0005168408054130413
899,40.0,0.0033140000000457803,0.0,0.0004232072424840826
900,16.0,0.0017379999999320717,0.0,0.0002697599264263551
901,16.0,0.001504999999951906,0.0,0.00038470138143928005
902,14.0,0.0012309999999615684,0.0,0.00019235069071964
903,19.0,0.001573000000007596,0.0,0.0002585390104627575
904,20.0,0.0018280000001595909,0.0,0.00039743514276650946
905,14.0,0.0011560000000372384,0.0,0.00019871757138325468
906,27.0,0.0022200000000793807,0.0,0.00031188353909171517
907,11.0,0.00112899999999172,0.0,0.0006419215273669872
908,16.0,0.0014410000001134904,0.0,0.0001892441537298276
909,31.0,0.002263000000084503,0.0,0.00015594176954585753
910,19.0,0.0016450000000531873,0.0,0.0004926817509792682
911,12.0,0.0011819999999715947,0.0,0.0004919805603341219
912,33.0,0.002549999999928332,0.0,0.000245990280167061
913,14.0,0.00112899999999172,0.0,0.0005362104938687626
914,38.0,0.0034820000000763685,0.0,-4.5594091474956445e-05
915,7.0,0.0005960000000868604,0.0,0.0004301525539149352
916,10.0,0.0009400000001278386,0.0,0.00036787574552386956
917,8.0,0.0009339999999156134,0.0,7.797088477292876e-05
918,8.0,0.0008760000000620494,0.0,0.00012299514008353048
919,8.0,0.0007330000000820291,0.0,6.14975700417653e-05
920,13.0,0.001426000000037675,0.0,9.462207686491378e-05
921,8.0,0.000858000000107495,0.0,0.0002522840398305106
922,26.0,0.002068999999892185,0.0,0.0005639300514188504
923,42.0,0.00345500000003085,0.0,0.00014081687581702924
924,17.0,0.0013519999999971333,0.0,0.0005553635926640589
925,7.0,0.0005719999999200809,0.0,3.898544238646433e-05
926,15.0,0.001115999999910855,0.0,0.0004712340519956808
927,24.0,0.001868999999942389,0.0,0.00023750670780651578
928,18.0,0.0013360000000375294,0.0,0.00032509343150916253
929,23.0,0.0018219999999473657,0.0,0.0003430349715683432
930,4.0,0.00036399999999048305,0.0,0.0004835390111403686
931,26.0,0.003081999999949403,0.0,0.00047039418518191327
932,8.0,0.0009150000000772707,0.0,0.0005645293017269069
933,5.0,0.0005539999999655265,0.0,0.00028226465086345347
934,10.0,0.0012830000000576547,0.0,0.00024176950557018432
935,29.0,0.002737999999908425,0.0,0.0001414466280142568
936,39.0,0.003045000000156506,0.0,0.0003764363997699593
937,4.0,0.0003920000001471635,0.0,0.00042049976948372095
938,17.0,0.001314000000093074,0.0,0.00021024988474186053
939,23.0,0.0017490000000179862,0.0,0.00023443766669620887
940,35.0,0.0034359999999651336,0.0,0.0001491937459952038
941,10.0,0.0009039999999913562,0.0,0.00036410976903258647
942,78.0,0.0067269999999552965,0.0,3.423533138062571e-05
943,21.0,0.0018800000000283035,0.0,0.0005492697031130095
944,12.0,0.000941000000011627,0.0,4.428030706684927e-05
945,5.0,0.00045700000009674113,0.0,0.00027463485155650467
946,22.0,0.0017410000000381842,0.0,0.0003434932006677513
947,5.0,0.0006710000000111904,0.0,0.0005770064709446794
948,10.0,0.001090999999860287,0.0,0.00013731742577825236
949,13.0,0.001033000000006723,0.0,0.0002885032354723398
950,21.0,0.0015419999999721767,0.0,0.0004848292650809856
951,28.0,0.00215699999989738,0.0,0.0002424146325404928
952,26.0,0.002171000000089407,0.0,0.0005163333002495053
953,19.0,0.0018250000000534783,0.0,0.0002581666501247527
954,7.0,0.0006490000000667351,0.0,0.00012908332506237632
955,7.0,0.0010819999999966967,0.0,0.00035278297200315537
956,4.0,0.0005269999999200081,0.0,0.00014425161773616991
957,22.0,0.0019170000000485743,0.0,0.0004092726533215482
958,12.0,0.001006999999844993,0.0,7.212580886808496e-05
959,14.0,0.0014830000000074506,0.0,0.00036065855534032833
960,9.0,0.0007650000000012369,0.0,0.0001803292776701641
961,24.0,0.0017399999999270221,0.0,0.000467209918288273
962,9.0,0.0007060000000365108,0.0,9.016463883508206e-05
963,20.0,0.001467999999931635,0.0,0.0003207047488880534
964,12.0,0.0008950000001277658,0.0,0.0004885857778411254
965,6.0,0.0004930000000058499,0.0,0.0002442928889205627
966,6.0,0.0006450000000768341,0.0,0.00016035237444402667
967,8.0,0.0009379999999055144,0.0,8.017618722201334e-05
968,5.0,0.0004389999999148131,0.0,4.008809361100672e-05
969,32.0,0.002338000000008833,0.0,0.00025169386766058286
970,7.0,0.0005579999999554275,0.0,0.0004995358540420347
971,14.0,0.0010480000000825385,0.0,0.00012214644446028136
972,27.0,0.0019640000000435975,0.0,0.00015679278003385066
973,4.0,0.0003990000000158034,0.0,6.107322223014068e-05
974,4.0,0.00035899999988942,0.0,3.0536611115070285e-05
975,10.0,0.0007699999998749263,0.0,0.0002497679270210174
976,28.0,0.0019730000001345616,0.0,7.839639001692533e-05
977,23.0,0.0016299999999773718,0.0,0.0001908380312478101
978,24.0,0.0018640000000686996,0.0,0.00031175616678501744
979,6.0,0.0004899999998997373,0.0,0.00046085706922430745
980,19.0,0.0013750000000527507,0.0,0.00013691537379856587
981,41.0,0.0029189999997925042,0.0,3.9198195008462665e-05
982,16.0,0.0012200000001030276,0.0,0.0003220602166688365
983,7.0,0.0005639999999402789,0.0,0.000396452405799678
984,4.0,0.0003560000000106811,0.0,0.000198226202899839
985,10.0,0.0007630000000062864,0.0,9.91131014499195e-05
986,27.0,0.0019099999999525608,0.0,4.955655072495975e-05
987,27.0,0.0020839999999680003,0.0,0.0002675606079625655
988,7.0,0.0005719999999200809,0.0,0.00013378030398128276
989,13.0,0.0009999999999763531,0.0,0.00021663728150175547
990,20.0,0.00161500000012893,0.0,1.9599097504231333e-05
991,15.0,0.001238000000057582,0.0,0.00026342612392023256
992,41.0,0.003316999999924519,0.0,0.0004324146477249037
993,28.0,0.0020259999998870626,0.0,0.000348448688585551
994,32.0,0.0023069999999734137,0.0,0.0004512939104247403
995,14.0,0.0014229999999315623,0.0,0.0004940253782912068
996,25.0,0.00212399999986701,0.0,0.0005002557681510691
997,44.0,0.0032530000000861037,0.0,0.00039609906849783557
998,13.0,0.0014439999999922293,0.0,0.00025012788407553457
999,20.0,0.0014289999999164138,0.0,0.0006151453080326705
1000,0.0,0.0,0.0,0.0
1001,0.0,0.0,0.0,0.0
1002,0.0,0.0,0.0,0.0
1003,0.0,0.0,0.0,0.0
1004,0.0,0.0,0.0,0.0
1005,0.0,0.0,0.0,0.0
1006,0.0,0.0,0.0,0.0
1007,0.0,0.0,0.0,0.0
1008,0.0,0.0,0.0,0.0
1009,0.0,0.0,0.0,0.0
1010,0.0,0.0,0.0,0.0
1011,0.0,0.0,0.0,0.0
1012,0.0,0.0,0.0,0.0
1013,0.0,0.0,0.0,0.0
1014,0.0,0.0,0.0,0.0
1015,0.0,0.0,0.0,0.0
1016,0.0,0.0,0.0,0.0
1017,0.0,0.0,0.0,0.0
1018,0.0,0.0,0.0,0.0
1019,0.0,0.0,0.0,0.0
1020,0.0,0.0,0.0,0.0
1021,0.0,0.0,0.0,0.0
1022,0.0,0.0,0.0,0.0
1023,0.0,0.0,0.0,0.0
1024,0.0,0.0,0.0,0.0
1025,0.0,0.0,0.0,0.0
1026,0.0,0.0,0.0,0.0
1027,0.0,0.0,0.0,0.0
1028,0.0,0.0,0.0,0.0
1029,0.0,0.0,0.0,0.0
1030,0.0,0.0,0.0,0.0
1031,0.0,0.0,0.0,0.0
1032,0.0,0.0,0.0,0.0
1033,0.0,0.0,0.0,0.0
1034,0.0,0.0,0.0,0.0
1035,0.0,0.0,0.0,0.0
1036,0.0,0.0,0.0,0.0
1037,0.0,0.0,0.0,0.0
1038,0.0,0.0,0.0,0.0
1039,0.0,0.0,0.0,0.0
1040,0.0,0.0,0.0,0.0
1041,0.0,0.0,0.0,0.0
1042,0.0,0.0,0.0,0.0
1043,0.0,0.0,0.0,0.0
1044,0.0,0.0,0.0,0.0
1045,0.0,0.0,0.0,0.0
1046,0.0,0.0,0.0,0.0
1047,0.0,0.0,0.0,0.0
1048,0.0,0.0,0.0,0.0
1049,0.0,0.0,0.0,0.0
1050,0.0,0.0,0.0,0.0
1051,0.0,0.0,0.0,0.0
1052,0.0,0.0,0.0,0.0
1053,0.0,0.0,0.0,0.0
1054,0.0,0.0,0.0,0.0
1055,0.0,0.0,0.0,0.0
1056,0.0,0.0,0.0,0.0
1057,0.0,0.0,0.0,0.0
1058,0.0,0.0,0.0,0.0
1059,0.0,0.0,0.0,0.0
1060,0.0,0.0,0.0,0.0
1061,0.0,0.0,0.0,0.0
1062,0.0,0.0,0.0,0.0
1063,0.0,0.0,0.0,0.0
1064,0.0,0.0,0.0,0.0
1065,0.0,0.0,0.0,0.0
1066,0.0,0.0,0.0,0.0
1067,0.0,0.0,0.0,0.0
1068,0.0,0.0,0.0,0.0
1069,0.0,0.0,0.0,0.0
1070,0.0,0.0,0.0,0.0
1071,0.0,0.0,0.0,0.0
1072,0.0,0.0,0.0,0.0
1073,0.0,0.0,0.0,0.0
1074,0.0,0.0,0.0,0.0
1075,0.0,0.0,0.0,0.0
1076,0.0,0.0,0.0,0.0
1077,0.0,0.0,0.0,0.0
1078,0.0,0.0,0.0,0.0
1079,0.0,0.0,0.0,0.0
1080,0.0,0.0,0.0,0.0
1081,0.0,0.0,0.0,0.0
1082,0.0,0.0,0.0,0.0
1083,0.0,0.0,0.0,0.0
1084,0.0,0.0,0.0,0.0
1085,0.0,0.0,0.0,0.0
1086,0.0,0.0,0.0,0.0
1087,0.0,0.0,0.0,0.0
1088,0.0,0.0,0.0,0.0
1089,0.0,0.0,0.0,0.0
1090,0.0,0.0,0.0,0.0
1091,0.0,0.0,0.0,0.0
1092,0.0,0.0,0.0,0.0
1093,0.0,0.0,0.0,0.0
1094,0.0,0.0,0.0,0.0
1095,0.0,0.0,0.0,0.0
1096,0.0,0.0,0.0,0.0
1097,0.0,0.0,0.0,0.0
1098,0.0,0.0,0.0,0.0
1099,0.0,0.0,0.0,0.0
1100,0.0,0.0,0.0,0.0
1101,0.0,0.0,0.0,0.0
1102,0.0,0.0,0.0,0.0
1103,0.0,0.0,0.0,0.0
1104,0.0,0.0,0.0,0.0
1105,0.0,0.0,0.0,0.0
1106,0.0,0.0,0.0,0.0
1107,0.0,0.0,0.0,0.0
1108,0.0,0.0,0.0,0.0
1109,0.0,0.0,0.0,0.0
1110,0.0,0.0,0.0,0.0
1111,0.0,0.0,0.0,0.0
1112,0.0,0.0,0.0,0.0
1113,0.0,0.0,0.0,0.0
1114,0.0,0.0,0.0,0.0
1115,0.0,0.0,0.0,0.0
1116,0.0,0.0,0.0,0.0
1117,0.0,0.0,0.0,0.0
1118,0.0,0.0,0.0,0.0
1119,0.0,0.0,0.0,0.0
1120,0.0,0.0,0.0,0.0
1121,0.0,0.0,0.0,0.0
1122,0.0,0.0,0.0,0.0
1123,0.0,0.0,0.0,0.0
1124,0.0,0.0,0.0,0.0
1125,0.0,0.0,0.0,0.0
1126,0.0,0.0,0.0,0.0
1127,0.0,0.0,0.0,0.0
1128,0.0,0.0,0.0,0.0
1129,0.0,0.0,0.0,0.0
1130,0.0,0.0,0.0,0.0
1131,0.0,0.0,0.0,0.0
1132,0.0,0.0,0.0,0.0
1133,0.0,0.0,0.0,0.0
1134,0.0,0.0,0.0,0.0
1135,0.0,0.0,0.0,0.0
1136,0.0,0.0,0.0,0.0
1137,0.0,0.0,0.0,0.0
1138,0.0,0.0,0.0,0.0
1139,0.0,0.0,0.0,0.0
1140,0.0,0.0,0.0,0.0
1141,0.0,0.0,0.0,0.0
1142,0.0,0.0,0.0,0.0
1143,0.0,0.0,0.0,0.0
1144,0.0,0.0,0.0,0.0
1145,0.0,0.0,0.0,0.0
1146,0.0,0.0,0.0,0.0
1147,0.0,0.0,0.0,0.0
1148,0.0,0.0,0.0,0.0
1149,0.0,0.0,0.0,0.0
1150,0.0,0.0,0.0,0.0
1151,0.0,0.0,0.0,0.0
1152,0.0,0.0,0.0,0.0
1153,0.0,0.0,0.0,0.0
1154,0.0,0.0,0.0,0.0
1155,0.0,0.0,0.0,0.0
1156,0.0,0.0,0.0,0.0
1157,0.0,0.0,0.0,0.0
1158,0.0,0.0,0.0,0.0
1159,0.0,0.0,0.0,0.0
1160,0.0,0.0,0.0,0.0
1161,0.0,0.0,0.0,0.0
1162,0.0,0.0,0.0,0.0
1163,0.0,0.0,0.0,0.0
1164,0.0,0.0,0.0,0.0
1165,0.0,0.0,0.0,0.0
1166,0.0,0.0,0.0,0.0
1167,0.0,0.0,0.0,0.0
1168,0.0,0.0,0.0,0.0
1169,0.0,0.0,0.0,0.0
1170,0.0,0.0,0.0,0.0
1171,0.0,0.0,0.0,0.0
1172,0.0,0.0,0.0,0.0
1173,0.0,0.0,0.0,0.0
1174,0.0,0.0,0.0,0.0
1175,0.0,0.0,0.0,0.0
1176,0.0,0.0,0.0,0.0
1177,0.0,0.0,0.0,0.0
1178,0.0,0.0,0.0,0.0
1179,0.0,0.0,0.0,0.0
1180,0.0,0.0,0.0,0.0
1181,0.0,0.0,0.0,0.0
1182,0.0,0.0,0.0,0.0
1183,0.0,0.0,0.0,0.0
1184,0.0,0.0,0.0,0.0
1185,0.0,0.0,0.0,0.0
1186,0.0,0.0,0.0,0.0
1187,0.0,0.0,0.0,0.0
1188,0.0,0.0,0.0,0.0
1189,0.0,0.0,0.0,0.0
1190,0.0,0.0,0.0,0.0
1191,0.0,0.0,0.0,0.0
1192,0.0,0.0,0.0,0.0
1193,0.0,0.0,0.0,0.0
1194,0.0,0.0,0.0,0.0
1195,0.0,0.0,0.0,0.0
1196,0.0,0.0,0.0,0.0
1197,0.0,0.0,0.0,0.0
1198,0.0,0.0,0.0,0.0
1199,0.0,0.0,0.0,0.0
1200,0.0,0.0,0.0,0.0
1201,0.0,0.0,0.0,0.0
1202,0.0,0.0,0.0,0.0
1203,0.0,0.0,0.0,0.0
1204,0.0,0.0,0.0,0.0
1205,0.0,0.0,0.0,0.0
1206,0.0,0.0,0.0,0.0
1207,0.0,0.0,0.0,0.0
1208,0.0,0.0,0.0,0.0
1209,0.0,0.0,0.0,0.0
1210,0.0,0.0,0.0,0.0
1211,0.0,0.0,0.0,0.0
1212,0.0,0.0,0.0,0.0
1213,0.0,0.0,0.0,0.0
1214,0.0,0.0,0.0,0.0
1215,0.0,0.0,0.0,0.0
1216,0.0,0.0,0.0,0.0
1217,0.0,0.0,0.0,0.0
1218,0.0,0.0,0.0,0.0
1219,0.0,0.0,0.0,0.0
1220,0.0,0.0,0.0,0.0
1221,0.0,0.0,0.0,0.0
1222,0.0,0.0,0.0,0.0
1223,0.0,0.0,0.0,0.0
1224,0.0,0.0,0.0,0.0
1225,0.0,0.0,0.0,0.0
1226,0.0,0.0,0.0,0.0
1227,0.0,0.0,0.0,0.0
1228,0.0,0.0,0.0,0.0
1229,0.0,0.0,0.0,0.0
1230,0.0,0.0,0.0,0.0
1231,0.0,0.0,0.0,0.0
1232,0.0,0.0,0.0,0.0
1233,0.0,0.0,0.0,0.0
1234,0.0,0.0,0.0,0.0
1235,0.0,0.0,0.0,0.0
1236,0.0,0.0,0.0,0.0
1237,0.0,0.0,0.0,0.0
1238,0.0,0.0,0.0,0.0
1239,0.0,0.0,0.0,0.0
1240,0.0,0.0,0.0,0.0
1241,0.0,0.0,0.0,0.0
1242,0.0,0.0,0.0,0.0
1243,0.0,0.0,0.0,0.0
1244,0.0,0.0,0.0,0.0
1245,0.0,0.0,0.0,0.0
1246,0.0,0.0,0.0,0.0
1247,0.0,0.0,0.0,0.0
1248,0.0,0.0,0.0,0.0
1249,0.0,0.0,0.0,0.0
1250,0.0,0.0,0.0,0.0
1251,0.0,0.0,0.0,0.0
1252,0.0,0.0,0.0,0.0
1253,0.0,0.0,0.0,0.0
1254,0.0,0.0,0.0,0.0
1255,0.0,0.0,0.0,0.0
1256,0.0,0.0,0.0,0.0
1257,0.0,0.0,0.0,0.0
1258,0.0,0.0,0.0,0.0
1259,0.0,0.0,0.0,0.0
1260,0.0,0.0,0.0,0.0
1261,0.0,0.0,0.0,0.0
1262,0.0,0.0,0.0,0.0
1263,0.0,0.0,0.0,0.0
1264,0.0,0.0,0.0,0.0
1265,0.0,0.0,0.0,0.0
1266,0.0,0.0,0.0,0.0
1267,0.0,0.0,0.0,0.0
1268,0.0,0.0,0.0,0.0
1269,0.0,0.0,0.0,0.0
1270,0.0,0.0,0.0,0.0
1271,0.0,0.0,0.0,0.0
1272,0.0,0.0,0.0,0.0
1273,0.0,0.0,0.0,0.0
1274,0.0,0.0,0.0,0.0
1275,0.0,0.0,0.0,0.0
1276,0.0,0.0,0.0,0.0
1277,0.0,0.0,0.0,0.0
1278,0.0,0.0,0.0,0.0
1279,0.0,0.0,0.0,0.0
1280,0.0,0.0,0.0,0.0
1281,0.0,0.0,0.0,0.0
1282,0.0,0.0,0.0,0.0
1283,0.0,0.0,0.0,0.0
1284,0.0,0.0,0.0,0.0
1285,0.0,0.0,0.0,0.0
1286,0.0,0.0,0.0,0.0
1287,0.0,0.0,0.0,0.0
1288,0.0,0.0,0.0,0.0
1289,0.0,0.0,0.0,0.0
1290,0.0,0.0,0.0,0.0
1291,0.0,0.0,0.0,0.0
1292,0.0,0.0,0.0,0.0
1293,0.0,0.0,0.0,0.0
1294,0.0,0.0,0.0,0.0
1295,0.0,0.0,0.0,0.0
1296,0.0,0.0,0.0,0.0
1297,0.0,0.0,0.0,0.0
1298,0.0,0.0,0.0,0.0
1299,0.0,0.0,0.0,0.0
1300,0.0,0.0,0.0,0.0
1301,0.0,0.0,0.0,0.0
1302,0.0,0.0,0.0,0.0
1303,0.0,0.0,0.0,0.0
1304,0.0,0.0,0.0,0.0
1305,0.0,0.0,0.0,0.0
1306,0.0,0.0,0.0,0.0
1307,0.0,0.0,0.0,0.0
1308,0.0,0.0,0.0,0.0
1309,0.0,0.0,0.0,0.0
1310,0.0,0.0,0.0,0.0
1311,0.0,0.0,0.0,0.0
1312,0.0,0.0,0.0,0.0
1313,0.0,0.0,0.0,0.0
1314,0.0,0.0,0.0,0.0
1315,0.0,0.0,0.0,0.0
1316,0.0,0.0,0.0,0.0
1317,0.0,0.0,0.0,0.0
1318,0.0,0.0,0.0,0.0
1319,0.0,0.0,0.0,0.0
1320,0.0,0.0,0.0,0.0
1321,0.0,0.0,0.0,0.0
1322,0.0,0.0,0.0,0.0
1323,0.0,0.0,0.0,0.0
1324,0.0,0.0,0.0,0.0
1325,0.0,0.0,0.0,0.0
1326,0.0,0.0,0.0,0.0
1327,0.0,0.0,0.0,0.0
1328,0.0,0.0,0.0,0.0
1329,0.0,0.0,0.0,0.0
1330,0.0,0.0,0.0,0.0
1331,0.0,0.0,0.0,0.0
1332,0.0,0.0,0.0,0.0
1333,0.0,0.0,0.0,0.0
1334,0.0,0.0,0.0,0.0
1335,0.0,0.0,0.0,0.0
1336,0.0,0.0,0.0,0.0
1337,0.0,0.0,0.0,0.0
1338,0.0,0.0,0.0,0.0
1339,0.0,0.0,0.0,0.0
1340,0.0,0.0,0.0,0.0
1341,0.0,0.0,0.0,0.0
1342,0.0,0.0,0.0,0.0
1343,0.0,0.0,0.0,0.0
1344,0.0,0.0,0.0,0.0
1345,0.0,0.0,0.0,0.0
1346,0.0,0.0,0.0,0.0
1347,0.0,0.0,0.0,0.0
1348,0.0,0.0,0.0,0.0
1349,0.0,0.0,0.0,0.0
1350,0.0,0.0,0.0,0.0
1351,0.0,0.0,0.0,0.0
1352,0.0,0.0,0.0,0.0
1353,0.0,0.0,0.0,0.0
1354,0.0,0.0,0.0,0.0
1355,0.0,0.0,0.0,0.0
1356,0.0,0.0,0.0,0.0
1357,0.0,0.0,0.0,0.0
1358,0.0,0.0,0.0,0.0
1359,0.0,0.0,0.0,0.0
1360,0.0,0.0,0.0,0.0
1361,0.0,0.0,0.0,0.0
1362,0.0,0.0,0.0,0.0
1363,0.0,0.0,0.0,0.0
1364,0.0,0.0,0.0,0.0
1365,0.0,0.0,0.0,0.0
1366,0.0,0.0,0.0,0.0
1367,0.0,0.0,0.0,0.0
1368,0.0,0.0,0.0,0.0
1369,0.0,0.0,0.0,0.0
1370,0.0,0.0,0.0,0.0
1371,0.0,0.0,0.0,0.0
1372,0.0,0.0,0.0,0.0
1373,0.0,0.0,0.0,0.0
1374,0.0,0.0,0.0,0.0
1375,0.0,0.0,0.0,0.0
1376,0.0,0.0,0.0,0.0
1377,0.0,0.0,0.0,0.0
1378,0.0,0.0,0.0,0.0
1379,0.0,0.0,0.0,0.0
1380,0.0,0.0,0.0,0.0
1381,0.0,0.0,0.0,0.0
1382,0.0,0.0,0.0,0.0
1383,0.0,0.0,0.0,0.0
1384,0.0,0.0,0.0,0.0
1385,0.0,0.0,0.0,0.0
1386,0.0,0.0,0.0,0.0
1387,0.0,0.0,0.0,0.0
1388,0.0,0.0,0.0,0.0
1389,0.0,0.0,0.0,0.0
1390,0.0,0.0,0.0,0.0
1391,0.0,0.0,0.0,0.0
1392,0.0,0.0,0.0,0.0
1393,0.0,0.0,0.0,0.0
1394,0.0,0.0,0.0,0.0
1395,0.0,0.0,0.0,0.0
1396,0.0,0.0,0.0,0.0
1397,0.0,0.0,0.0,0.0
1398,0.0,0.0,0.0,0.0
1399,0.0,0.0,0.0,0.0
1400,0.0,0.0,0.0,0.0
1401,0.0,0.0,0.0,0.0
1402,0.0,0.0,0.0,0.0
1403,0.0,0.0,0.0,0.0
1404,0.0,0.0,0.0,0.0
1405,0.0,0.0,0.0,0.0
1406,0.0,0.0,0.0,0.0
1407,0.0,0.0,0.0,0.0
1408,0.0,0.0,0.0,0.0
1409,0.0,0.0,0.0,0.0
1410,0.0,0.0,0.0,0.0
1411,0.0,0.0,0.0,0.0
1412,0.0,0.0,0.0,0.0
1413,0.0,0.0,0.0,0.0
1414,0.0,0.0,0.0,0.0
1415,0.0,0.0,0.0,0.0
1416,0.0,0.0,0.0,0.0
1417,0.0,0.0,0.0,0.0
1418,0.0,0.0,0.0,0.0
1419,0.0,0.0,0.0,0.0
1420,0.0,0.0,0.0,0.0
1421,0.0,0.0,0.0,0.0
1422,0.0,0.0,0.0,0.0
1423,0.0,0.0,0.0,0.0
1424,0.0,0.0,0.0,0.0
1425,0.0,0.0,0.0,0.0
1426,0.0,0.0,0.0,0.0
1427,0.0,0.0,0.0,0.0
1428,0.0,0.0,0.0,0.0
1429,0.0,0.0,0.0,0.0
1430,0.0,0.0,0.0,0.0
1431,0.0,0.0,0.0,0.0
1432,0.0,0.0,0.0,0.0
1433,0.0,0.0,0.0,0.0
1434,0.0,0.0,0.0,0.0
1435,0.0,0.0,0.0,0.0
1436,0.0,0.0,0.0,0.0
1437,0.0,0.0,0.0,0.0
1438,0.0,0.0,0.0,0.0
1439,0.0,0.0,0.0,0.0
1440,0.0,0.0,0.0,0.0
1441,0.0,0.0,0.0,0.0
1442,0.0,0.0,0.0,0.0
1443,0.0,0.0,0.0,0.0
1444,0.0,0.0,0.0,0.0
1445,0.0,0.0,0.0,0.0
1446,0.0,0.0,0.0,0.0
1447,0.0,0.0,0.0,0.0
1448,0.0,0.0,0.0,0.0
1449,0.0,0.0,0.0,0.0
1450,0.0,0.0,0.0,0.0
1451,0.0,0.0,0.0,0.0
1452,0.0,0.0,0.0,0.0
1453,0.0,0.0,0.0,0.0
1454,0.0,0.0,0.0,0.0
1455,0.0,0.0,0.0,0.0
1456,0.0,0.0,0.0,0.0
1457,0.0,0.0,0.0,0.0
1458,0.0,0.0,0.0,0.0
1459,0.0,0.0,0.0,0.0
1460,0.0,0.0,0.0,0.0
1461,0.0,0.0,0.0,0.0
1462,0.0,0.0,0.0,0.0
1463,0.0,0.0,0.0,0.0
1464,0.0,0.0,0.0,0.0
1465,0.0,0.0,0.0,0.0
1466,0.0,0.0,0.0,0.0
1467,0.0,0.0,0.0,0.0
1468,0.0,0.0,0.0,0.0
1469,0.0,0.0,0.0,0.0
1470,0.0,0.0,0.0,0.0
1471,0.0,0.0,0.0,0.0
1472,0.0,0.0,0.0,0.0
1473,0.0,0.0,0.0,0.0
1474,0.0,0.0,0.0,0.0
1475,0.0,0.0,0.0,0.0
1476,0.0,0.0,0.0,0.0
1477,0.0,0.0,0.0,0.0
1478,0.0,0.0,0.0,0.0
1479,0.0,0.0,0.0,0.0
1480,0.0,0.0,0.0,0.0
1481,0.0,0.0,0.0,0.0
1482,0.0,0.0,0.0,0.0
1483,0.0,0.0,0.0,0.0
1484,0.0,0.0,0.0,0.0
1485,0.0,0.0,0.0,0.0
1486,0.0,0.0,0.0,0.0
1487,0.0,0.0,0.0,0.0
1488,0.0,0.0,0.0,0.0
1489,0.0,0.0,0.0,0.0
1490,0.0,0.0,0.0,0.0
1491,0.0,0.0,0.0,0.0
1492,0.0,0.0,0.0,0.0
1493,0.0,0.0,0.0,0.0
1494,0.0,0.0,0.0,0.0
1495,0.0,0.0,0.0,0.0
1496,0.0,0.0,0.0,0.0
1497,0.0,0.0,0.0,0.0
1498,0.0,0.0,0.0,0.0
1499,0.0,0.0,0.0,0.0
1500,0.0,0.0,0.0,0.0
1501,0.0,0.0,0.0,0.0
1502,0.0,0.0,0.0,0.0
1503,0.0,0.0,0.0,0.0
1504,0.0,0.0,0.0,0.0
1505,0.0,0.0,0.0,0.0
1506,0.0,0.0,0.0,0.0
1507,0.0,0.0,0.0,0.0
1508,0.0,0.0,0.0,0.0
1509,0.0,0.0,0.0,0.0
1510,0.0,0.0,0.0,0.0
1511,0.0,0.0,0.0,0.0
1512,0.0,0.0,0.0,0.0
1513,0.0,0.0,0.0,0.0
1514,0.0,0.0,0.0,0.0
1515,0.0,0.0,0.0,0.0
1516,0.0,0.0,0.0,0.0
1517,0.0,0.0,0.0,0.0
1518,0.0,0.0,0.0,0.0
1519,0.0,0.0,0.0,0.0
1520,0.0,0.0,0.0,0.0
1521,0.0,0.0,0.0,0.0
1522,0.0,0.0,0.0,0.0
1523,0.0,0.0,0.0,0.0
1524,0.0,0.0,0.0,0.0
1525,0.0,0.0,0.0,0.0
1526,0.0,0.0,0.0,0.0
1527,0.0,0.0,0.0,0.0
1528,0.0,0.0,0.0,0.0
1529,0.0,0.0,0.0,0.0
1530,0.0,0.0,0.0,0.0
1531,0.0,0.0,0.0,0.0
1532,0.0,0.0,0.0,0.0
1533,0.0,0.0,0.0,0.0
1534,0.0,0.0,0.0,0.0
1535,0.0,0.0,0.0,0.0
1536,0.0,0.0,0.0,0.0
1537,0.0,0.0,0.0,0.0
1538,0.0,0.0,0.0,0.0
1539,0.0,0.0,0.0,0.0
1540,0.0,0.0,0.0,0.0
1541,0.0,0.0,0.0,0.0
1542,0.0,0.0,0.0,0.0
1543,0.0,0.0,0.0,0.0
1544,0.0,0.0,0.0,0.0
1545,0.0,0.0,0.0,0.0
1546,0.0,0.0,0.0,0.0
1547,0.0,0.0,0.0,0.0
1548,0.0,0.0,0.0,0.0
1549,0.0,0.0,0.0,0.0
1550,0.0,0.0,0.0,0.0
1551,0.0,0.0,0.0,0.0
1552,0.0,0.0,0.0,0.0
1553,0.0,0.0,0.0,0.0
1554,0.0,0.0,0.0,0.0
1555,0.0,0.0,0.0,0.0
1556,0.0,0.0,0.0,0.0
1557,0.0,0.0,0.0,0.0
1558,0.0,0.0,0.0,0.0
1559,0.0,0.0,0.0,0.0
1560,0.0,0.0,0.0,0.0
1561,0.0,0.0,0.0,0.0
1562,0.0,0.0,0.0,0.0
1563,0.0,0.0,0.0,0.0
1564,0.0,0.0,0.0,0.0
1565,0.0,0.0,0.0,0.0
1566,0.0,0.0,0.0,0.0
1567,0.0,0.0,0.0,0.0
1568,0.0,0.0,0.0,0.0
1569,0.0,0.0,0.0,0.0
1570,0.0,0.0,0.0,0.0
1571,0.0,0.0,0.0,0.0
1572,0.0,0.0,0.0,0.0
1573,0.0,0.0,0.0,0.0
1574,0.0,0.0,0.0,0.0
1575,0.0,0.0,0.0,0.0
1576,0.0,0.0,0.0,0.0
1577,0.0,0.0,0.0,0.0
1578,0.0,0.0,0.0,0.0
1579,0.0,0.0,0.0,0.0
1580,0.0,0.0,0.0,0.0
1581,0.0,0.0,0.0,0.0
1582,0.0,0.0,0.0,0.0
1583,0.0,0.0,0.0,0.0
1584,0.0,0.0,0.0,0.0
1585,0.0,0.0,0.0,0.0
1586,0.0,0.0,0.0,0.0
1587,0.0,0.0,0.0,0.0
1588,0.0,0.0,0.0,0.0
1589,0.0,0.0,0.0,0.0
1590,0.0,0.0,0.0,0.0
1591,0.0,0.0,0.0,0.0
1592,0.0,0.0,0.0,0.0
1593,0.0,0.0,0.0,0.0
1594,0.0,0.0,0.0,0.0
1595,0.0,0.0,0.0,0.0
1596,0.0,0.0,0.0,0.0
1597,0.0,0.0,0.0,0.0
1598,0.0,0.0,0.0,0.0
1599,0.0,0.0,0.0,0.0
1600,0.0,0.0,0.0,0.0
1601,0.0,0.0,0.0,0.0
1602,0.0,0.0,0.0,0.0
1603,0.0,0.0,0.0,0.0
1604,0.0,0.0,0.0,0.0
1605,0.0,0.0,0.0,0.0
1606,0.0,0.0,0.0,0.0
1607,0.0,0.0,0.0,0.0
1608,0.0,0.0,0.0,0.0
1609,0.0,0.0,0.0,0.0
1610,0.0,0.0,0.0,0.0
1611,0.0,0.0,0.0,0.0
1612,0.0,0.0,0.0,0.0
1613,0.0,0.0,0.0,0.0
1614,0.0,0.0,0.0,0.0
1615,0.0,0.0,0.0,0.0
1616,0.0,0.0,0.0,0.0
1617,0.0,0.0,0.0,0.0
1618,0.0,0.0,0.0,0.0
1619,0.0,0.0,0.0,0.0
1620,0.0,0.0,0.0,0.0
1621,0.0,0.0,0.0,0.0
1622,0.0,0.0,0.0,0.0
1623,0.0,0.0,0.0,0.0
1624,0.0,0.0,0.0,0.0
1625,0.0,0.0,0.0,0.0
1626,0.0,0.0,0.0,0.0
1627,0.0,0.0,0.0,0.0
1628,0.0,0.0,0.0,0.0
1629,0.0,0.0,0.0,0.0
1630,0.0,0.0,0.0,0.0
1631,0.0,0.0,0.0,0.0
1632,0.0,0.0,0.0,0.0
1633,0.0,0.0,0.0,0.0
1634,0.0,0.0,0.0,0.0
1635,0.0,0.0,0.0,0.0
1636,0.0,0.0,0.0,0.0
1637,0.0,0.0,0.0,0.0
1638,0.0,0.0,0.0,0.0
1639,0.0,0.0,0.0,0.0
1640,0.0,0.0,0.0,0.0
1641,0.0,0.0,0.0,0.0
1642,0.0,0.0,0.0,0.0
1643,0.0,0.0,0.0,0.0
1644,0.0,0.0,0.0,0.0
1645,0.0,0.0,0.0,0.0
1646,0.0,0.0,0.0,0.0
1647,0.0,0.0,0.0,0.0
1648,0.0,0.0,0.0,0.0
1649,0.0,0.0,0.0,0.0
1650,0.0,0.0,0.0,0.0
1651,0.0,0.0,0.0,0.0
1652,0.0,0.0,0.0,0.0
1653,0.0,0.0,0.0,0.0
1654,0.0,0.0,0.0,0.0
1655,0.0,0.0,0.0,0.0
1656,0.0,0.0,0.0,0.0
1657,0.0,0.0,0.0,0.0
1658,0.0,0.0,0.0,0.0
1659,0.0,0.0,0.0,0.0
1660,0.0,0.0,0.0,0.0
1661,0.0,0.0,0.0,0.0
1662,0.0,0.0,0.0,0.0
1663,0.0,0.0,0.0,0.0
1664,0.0,0.0,0.0,0.0
1665,0.0,0.0,0.0,0.0
1666,0.0,0.0,0.0,0.0
1667,0.0,0.0,0.0,0.0
1668,0.0,0.0,0.0,0.0
1669,0.0,0.0,0.0,0.0
1670,0.0,0.0,0.0,0.0
1671,0.0,0.0,0.0,0.0
1672,0.0,0.0,0.0,0.0
1673,0.0,0.0,0.0,0.0
1674,0.0,0.0,0.0,0.0
1675,0.0,0.0,0.0,0.0
1676,0.0,0.0,0.0,0.0
1677,0.0,0.0,0.0,0.0
1678,0.0,0.0,0.0,0.0
1679,0.0,0.0,0.0,0.0
1680,0.0,0.0,0.0,0.0
1681,0.0,0.0,0.0,0.0
1682,0.0,0.0,0.0,0.0
1683,0.0,0.0,0.0,0.0
1684,0.0,0.0,0.0,0.0
1685,0.0,0.0,0.0,0.0
1686,0.0,0.0,0.0,0.0
1687,0.0,0.0,0.0,0.0
1688,0.0,0.0,0.0,0.0
1689,0.0,0.0,0.0,0.0
1690,0.0,0.0,0.0,0.0
1691,0.0,0.0,0.0,0.0
1692,0.0,0.0,0.0,0.0
1693,0.0,0.0,0.0,0.0
1694,0.0,0.0,0.0,0.0
1695,0.0,0.0,0.0,0.0
1696,0.0,0.0,0.0,0.0
1697,0.0,0.0,0.0,0.0
1698,0.0,0.0,0.0,0.0
1699,0.0,0.0,0.0,0.0
1700,0.0,0.0,0.0,0.0
1701,0.0,0.0,0.0,0.0
1702,0.0,0.0,0.0,0.0
1703,0.0,0.0,0.0,0.0
1704,0.0,0.0,0.0,0.0
1705,0.0,0.0,0.0,0.0
1706,0.0,0.0,0.0,0.0
1707,0.0,0.0,0.0,0.0
1708,0.0,0.0,0.0,0.0
1709,0.0,0.0,0.0,0.0
1710,0.0,0.0,0.0,0.0
1711,0.0,0.0,0.0,0.0
1712,0.0,0.0,0.0,0.0
1713,0.0,0.0,0.0,0.0
1714,0.0,0.0,0.0,0.0
1715,0.0,0.0,0.0,0.0
1716,0.0,0.0,0.0,0.0
1717,0.0,0.0,0.0,0.0
1718,0.0,0.0,0.0,0.0
1719,0.0,0.0,0.0,0.0
1720,0.0,0.0,0.0,0.0
1721,0.0,0.0,0.0,0.0
1722,0.0,0.0,0.0,0.0
1723,0.0,0.0,0.0,0.0
1724,0.0,0.0,0.0,0.0
1725,0.0,0.0,0.0,0.0
1726,0.0,0.0,0.0,0.0
1727,0.0,0.0,0.0,0.0
1728,0.0,0.0,0.0,0.0
1729,0.0,0.0,0.0,0.0
1730,0.0,0.0,0.0,0.0
1731,0.0,0.0,0.0,0.0
1732,0.0,0.0,0.0,0.0
1733,0.0,0.0,0.0,0.0
1734,0.0,0.0,0.0,0.0
1735,0.0,0.0,0.0,0.0
1736,0.0,0.0,0.0,0.0
1737,0.0,0.0,0.0,0.0
1738,0.0,0.0,0.0,0.0
1739,0.0,0.0,0.0,0.0
1740,0.0,0.0,0.0,0.0
1741,0.0,0.0,0.0,0.0
1742,0.0,0.0,0.0,0.0
1743,0.0,0.0,0.0,0.0
1744,0.0,0.0,0.0,0.0
1745,0.0,0.0,0.0,0.0
1746,0.0,0.0,0.0,0.0
1747,0.0,0.0,0.0,0.0
1748,0.0,0.0,0.0,0.0
1749,0.0,0.0,0.0,0.0
1750,0.0,0.0,0.0,0.0
1751,0.0,0.0,0.0,0.0
1752,0.0,0.0,0.0,0.0
1753,0.0,0.0,0.0,0.0
1754,0.0,0.0,0.0,0.0
1755,0.0,0.0,0.0,0.0
1756,0.0,0.0,0.0,0.0
1757,0.0,0.0,0.0,0.0
1758,0.0,0.0,0.0,0.0
1759,0.0,0.0,0.0,0.0
1760,0.0,0.0,0.0,0.0
1761,0.0,0.0,0.0,0.0
1762,0.0,0.0,0.0,0.0
1763,0.0,0.0,0.0,0.0
1764,0.0,0.0,0.0,0.0
1765,0.0,0.0,0.0,0.0
1766,0.0,0.0,0.0,0.0
1767,0.0,0.0,0.0,0.0
1768,0.0,0.0,0.0,0.0
1769,0.0,0.0,0.0,0.0
1770,0.0,0.0,0.0,0.0
1771,0.0,0.0,0.0,0.0
1772,0.0,0.0,0.0,0.0
1773,0.0,0.0,0.0,0.0
1774,0.0,0.0,0.0,0.0
1775,0.0,0.0,0.0,0.0
1776,0.0,0.0,0.0,0.0
1777,0.0,0.0,0.0,0.0
1778,0.0,0.0,0.0,0.0
1779,0.0,0.0,0.0,0.0
1780,0.0,0.0,0.0,0.0
1781,0.0,0.0,0.0,0.0
1782,0.0,0.0,0.0,0.0
1783,0.0,0.0,0.0,0.0
1784,0.0,0.0,0.0,0.0
1785,0.0,0.0,0.0,0.0
1786,0.0,0.0,0.0,0.0
1787,0.0,0.0,0.0,0.0
1788,0.0,0.0,0.0,0.0
1789,0.0,0.0,0.0,0.0
1790,0.0,0.0,0.0,0.0
1791,0.0,0.0,0.0,0.0
1792,0.0,0.0,0.0,0.0
1793,0.0,0.0,0.0,0.0
1794,0.0,0.0,0.0,0.0
1795,0.0,0.0,0.0,0.0
1796,0.0,0.0,0.0,0.0
1797,0.0,0.0,0.0,0.0
1798,0.0,0.0,0.0,0.0
1799,0.0,0.0,0.0,0.0
1800,0.0,0.0,0.0,0.0
1801,0.0,0.0,0.0,0.0
1802,0.0,0.0,0.0,0.0
1803,0.0,0.0,0.0,0.0
1804,0.0,0.0,0.0,0.0
1805,0.0,0.0,0.0,0.0
1806,0.0,0.0,0.0,0.0
1807,0.0,0.0,0.0,0.0
1808,0.0,0.0,0.0,0.0
1809,0.0,0.0,0.0,0.0
1810,0.0,0.0,0.0,0.0
1811,0.0,0.0,0.0,0.0
1812,0.0,0.0,0.0,0.0
1813,0.0,0.0,0.0,0.0
1814,0.0,0.0,0.0,0.0
1815,0.0,0.0,0.0,0.0
1816,0.0,0.0,0.0,0.0
1817,0.0,0.0,0.0,0.0
1818,0.0,0.0,0.0,0.0
1819,0.0,0.0,0.0,0.0
1820,0.0,0.0,0.0,0.0
1821,0.0,0.0,0.0,0.0
1822,0.0,0.0,0.0,0.0
1823,0.0,0.0,0.0,0.0
1824,0.0,0.0,0.0,0.0
1825,0.0,0.0,0.0,0.0
1826,0.0,0.0,0.0,0.0
1827,0.0,0.0,0.0,0.0
1828,0.0,0.0,0.0,0.0
1829,0.0,0.0,0.0,0.0
1830,0.0,0.0,0.0,0.0
1831,0.0,0.0,0.0,0.0
1832,0.0,0.0,0.0,0.0
1833,0.0,0.0,0.0,0.0
1834,0.0,0.0,0.0,0.0
1835,0.0,0.0,0.0,0.0
1836,0.0,0.0,0.0,0.0
1837,0.0,0.0,0.0,0.0
1838,0.0,0.0,0.0,0.0
1839,0.0,0.0,0.0,0.0
1840,0.0,0.0,0.0,0.0
1841,0.0,0.0,0.0,0.0
1842,0.0,0.0,0.0,0.0
1843,0.0,0.0,0.0,0.0
1844,0.0,0.0,0.0,0.0
1845,0.0,0.0,0.0,0.0
1846,0.0,0.0,0.0,0.0
1847,0.0,0.0,0.0,0.0
1848,0.0,0.0,0.0,0.0
1849,0.0,0.0,0.0,0.0
1850,0.0,0.0,0.0,0.0
1851,0.0,0.0,0.0,0.0
1852,0.0,0.0,0.0,0.0
1853,0.0,0.0,0.0,0.0
1854,0.0,0.0,0.0,0.0
1855,0.0,0.0,0.0,0.0
1856,0.0,0.0,0.0,0.0
1857,0.0,0.0,0.0,0.0
1858,0.0,0.0,0.0,0.0
1859,0.0,0.0,0.0,0.0
1860,0.0,0.0,0.0,0.0
1861,0.0,0.0,0.0,0.0
1862,0.0,0.0,0.0,0.0
1863,0.0,0.0,0.0,0.0
1864,0.0,0.0,0.0,0.0
1865,0.0,0.0,0.0,0.0
1866,0.0,0.0,0.0,0.0
1867,0.0,0.0,0.0,0.0
1868,0.0,0.0,0.0,0.0
1869,0.0,0.0,0.0,0.0
1870,0.0,0.0,0.0,0.0
1871,0.0,0.0,0.0,0.0
1872,0.0,0.0,0.0,0.0
1873,0.0,0.0,0.0,0.0
1874,0.0,0.0,0.0,0.0
1875,0.0,0.0,0.0,0.0
1876,0.0,0.0,0.0,0.0
1877,0.0,0.0,0.0,0.0
1878,0.0,0.0,0.0,0.0
1879,0.0,0.0,0.0,0.0
1880,0.0,0.0,0.0,0.0
1881,0.0,0.0,0.0,0.0
1882,0.0,0.0,0.0,0.0
1883,0.0,0.0,0.0,0.0
1884,0.0,0.0,0.0,0.0
1885,0.0,0.0,0.0,0.0
1886,0.0,0.0,0.0,0.0
1887,0.0,0.0,0.0,0.0
1888,0.0,0.0,0.0,0.0
1889,0.0,0.0,0.0,0.0
1890,0.0,0.0,0.0,0.0
1891,0.0,0.0,0.0,0.0
1892,0.0,0.0,0.0,0.0
1893,0.0,0.0,0.0,0.0
1894,0.0,0.0,0.0,0.0
1895,0.0,0.0,0.0,0.0
1896,0.0,0.0,0.0,0.0
1897,0.0,0.0,0.0,0.0
1898,0.0,0.0,0.0,0.0
1899,0.0,0.0,0.0,0.0
1900,0.0,0.0,0.0,0.0
1901,0.0,0.0,0.0,0.0
1902,0.0,0.0,0.0,0.0
1903,0.0,0.0,0.0,0.0
1904,0.0,0.0,0.0,0.0
1905,0.0,0.0,0.0,0.0
1906,0.0,0.0,0.0,0.0
1907,0.0,0.0,0.0,0.0
1908,0.0,0.0,0.0,0.0
1909,0.0,0.0,0.0,0.0
1910,0.0,0.0,0.0,0.0
1911,0.0,0.0,0.0,0.0
1912,0.0,0.0,0.0,0.0
1913,0.0,0.0,0.0,0.0
1914,0.0,0.0,0.0,0.0
1915,0.0,0.0,0.0,0.0
1916,0.0,0.0,0.0,0.0
1917,0.0,0.0,0.0,0.0
1918,0.0,0.0,0.0,0.0
1919,0.0,0.0,0.0,0.0
1920,0.0,0.0,0.0,0.0
1921,0.0,0.0,0.0,0.0
1922,0.0,0.0,0.0,0.0
1923,0.0,0.0,0.0,0.0
1924,0.0,0.0,0.0,0.0
1925,0.0,0.0,0.0,0.0
1926,0.0,0.0,0.0,0.0
1927,0.0,0.0,0.0,0.0
1928,0.0,0.0,0.0,0.0
1929,0.0,0.0,0.0,0.0
1930,0.0,0.0,0.0,0.0
1931,0.0,0.0,0.0,0.0
1932,0.0,0.0,0.0,0.0
1933,0.0,0.0,0.0,0.0
1934,0.0,0.0,0.0,0.0
1935,0.0,0.0,0.0,0.0
1936,0.0,0.0,0.0,0.0
1937,0.0,0.0,0.0,0.0
1938,0.0,0.0,0.0,0.0
1939,0.0,0.0,0.0,0.0
1940,0.0,0.0,0.0,0.0
1941,0.0,0.0,0.0,0.0
1942,0.0,0.0,0.0,0.0
1943,0.0,0.0,0.0,0.0
1944,0.0,0.0,0.0,0.0
1945,0.0,0.0,0.0,0.0
1946,0.0,0.0,0.0,0.0
1947,0.0,0.0,0.0,0.0
1948,0.0,0.0,0.0,0.0
1949,0.0,0.0,0.0,0.0
1950,0.0,0.0,0.0,0.0
1951,0.0,0.0,0.0,0.0
1952,0.0,0.0,0.0,0.0
1953,0.0,0.0,0.0,0.0
1954,0.0,0.0,0.0,0.0
1955,0.0,0.0,0.0,0.0
1956,0.0,0.0,0.0,0.0
1957,0.0,0.0,0.0,0.0
1958,0.0,0.0,0.0,0.0
1959,0.0,0.0,0.0,0.0
1960,0.0,0.0,0.0,0.0
1961,0.0,0.0,0.0,0.0
1962,0.0,0.0,0.0,0.0
1963,0.0,0.0,0.0,0.0
1964,0.0,0.0,0.0,0.0
1965,0.0,0.0,0.0,0.0
1966,0.0,0.0,0.0,0.0
1967,0.0,0.0,0.0,0.0
1968,0.0,0.0,0.0,0.0
1969,0.0,0.0,0.0,0.0
1970,0.0,0.0,0.0,0.0
1971,0.0,0.0,0.0,0.0
1972,0.0,0.0,0.0,0.0
1973,0.0,0.0,0.0,0.0
1974,0.0,0.0,0.0,0.0
1975,0.0,0.0,0.0,0.0
1976,0.0,0.0,0.0,0.0
1977,0.0,0.0,0.0,0.0
1978,0.0,0.0,0.0,0.0
1979,0.0,0.0,0.0,0.0
1980,0.0,0.0,0.0,0.0
1981,0.0,0.0,0.0,0.0
1982,0.0,0.0,0.0,0.0
1983,0.0,0.0,0.0,0.0
1984,0.0,0.0,0.0,0.0
1985,0.0,0.0,0.0,0.0
1986,0.0,0.0,0.0,0.0
1987,0.0,0.0,0.0,0.0
1988,0.0,0.0,0.0,0.0
1989,0.0,0.0,0.0,0.0
1990,0.0,0.0,0.0,0.0
1991,0.0,0.0,0.0,0.0
1992,0.0,0.0,0.0,0.0
1993,0.0,0.0,0.0,0.0
1994,0.0,0.0,0.0,0.0
1995,0.0,0.0,0.0,0.0
1996,0.0,0.0,0.0,0.0
1997,0.0,0.0,0.0,0.0
1998,0.0,0.0,0.0,0.0
1999,0.0,0.0,0.0,0.0
