iteration,MSE_trg,MSE_val,MSE_tst,acc_trg,acc_val,acc_tst,f1_trg,f1_val,f1_tst,elapsed
0,0.138953250972,0.138622602085,0.139603465486,0.277719573948,0.277932960894,0.281005586592,0.179672781358,0.179365079365,0.179209183673,0.014661792
10,0.128772735033,0.128590233689,0.129435275293,0.408241662301,0.408170391061,0.413687150838,0.205392731536,0.203851573509,0.206427221172,0.156575525
20,0.126274948114,0.126141589783,0.12683427118,0.41653570805,0.414106145251,0.418994413408,0.210700366127,0.208490566038,0.209726443769,0.285499817
30,0.125473736284,0.125323351087,0.126047853225,0.423607473372,0.417946927374,0.425418994413,0.212735511567,0.209577999052,0.210364683301,0.413925195
40,0.112479618512,0.112351106777,0.112992706673,0.590012222804,0.582751396648,0.591340782123,0.274637009577,0.269113149847,0.274665344571,0.533793211
50,0.114286107017,0.114258903867,0.114790831422,0.571765322158,0.565293296089,0.570111731844,0.259622641509,0.254937163375,0.256162397293,0.660188637
60,0.0909383794345,0.0905117042759,0.0913094604403,0.75240090798,0.756634078212,0.752793296089,0.360108303249,0.361136571952,0.354485776805,0.79002926
70,0.0881723896382,0.0877748739307,0.0885722226907,0.769600139689,0.771298882682,0.768156424581,0.367904191617,0.362220058423,0.357585139319,0.916479033
80,0.0876813401785,0.0872151380965,0.0879977524471,0.764361795006,0.769553072626,0.766480446927,0.369834228345,0.364161849711,0.362804878049,1.044440343
90,0.0830326713232,0.082582932536,0.0833202306787,0.803823991619,0.808659217877,0.797765363128,0.39677852349,0.395143487859,0.376936316695,1.183064179
100,0.0830276446704,0.0825112782581,0.0833537333564,0.801030207788,0.805167597765,0.795251396648,0.39047873763,0.386813186813,0.367558239862,1.309912129
110,0.0797327044086,0.0792831134918,0.0800417365697,0.821285140562,0.831354748603,0.818715083799,0.41397079874,0.420168067227,0.402943882245,1.431556564
120,0.0810438782857,0.0806655457915,0.0813013207069,0.82661079099,0.83030726257,0.81843575419,0.412773506801,0.407317073171,0.390243902439,1.556742859
130,0.0720106587665,0.0717207835647,0.0721951257875,0.88842325825,0.893505586592,0.887709497207,0.538628158845,0.538577912254,0.531468531469,1.677637922
140,0.0765984945747,0.0763871245818,0.0767798670964,0.907368604854,0.911312849162,0.906424581006,0.586354775828,0.584967320261,0.578616352201,1.797237258
150,0.0682015535848,0.0680228331218,0.0683427493134,0.93190151912,0.934008379888,0.93156424581,0.657293497364,0.650646950092,0.650499286733,1.974055084
160,0.0654845142352,0.0654073885476,0.0655491369264,0.962022001048,0.957751396648,0.960335195531,0.770448548813,0.734065934066,0.758503401361,2.178264297
170,0.0611794036493,0.0611021017858,0.0613632296016,0.964030033176,0.95844972067,0.962011173184,0.780383795309,0.736141906874,0.766323024055,2.372758874
180,0.0574990410334,0.0572581461205,0.0575351967258,0.962895058495,0.958100558659,0.962011173184,0.77357485349,0.734513274336,0.766323024055,2.525625778
190,0.0526012628528,0.052648948003,0.052584255801,0.969879518072,0.963337988827,0.968715083799,0.806505888951,0.755244755245,0.799283154122,2.667062911
200,0.0505848098618,0.0505954412597,0.0505894630321,0.969006460625,0.962988826816,0.967877094972,0.79909451047,0.75117370892,0.791288566243,2.794815359
210,0.0494289565776,0.0494643763001,0.0493889468284,0.969530295093,0.963687150838,0.968156424581,0.80338028169,0.757009345794,0.79347826087,2.936118278
220,0.0476378153159,0.0477581425547,0.0477275544975,0.9644665619,0.959497206704,0.961452513966,0.761849034523,0.718446601942,0.737642585551,3.069661857
230,0.0441762112109,0.0443553953719,0.0442010703438,0.965165007858,0.960195530726,0.962290502793,0.768158047647,0.724637681159,0.744801512287,3.201726741
240,0.042062421176,0.0421108747141,0.0420011052244,0.965165007858,0.960195530726,0.962290502793,0.768158047647,0.724637681159,0.744801512287,3.339015484
250,0.0386626066182,0.0388264364113,0.038891882646,0.949275362319,0.945181564246,0.945810055866,0.619016393443,0.574525745257,0.580086580087,3.466748254
260,0.0367764834569,0.0369362291539,0.0370608087042,0.947092718701,0.943086592179,0.942458100559,0.596,0.550964187328,0.542222222222,3.59539651
270,0.0362064859814,0.036377250186,0.0364682761292,0.951196088703,0.946578212291,0.946927374302,0.638655462185,0.58981233244,0.592274678112,3.723003794
280,0.0342332628543,0.0343494089675,0.0345706598508,0.950323031255,0.946578212291,0.946648044693,0.629798308393,0.58981233244,0.589247311828,3.853988186
290,0.0334621214494,0.0335584398186,0.0337538275772,0.950934171468,0.946927374302,0.946648044693,0.636010362694,0.593582887701,0.589247311828,3.986262813
300,0.0334245876392,0.0335141561318,0.0337062544024,0.950846865724,0.946927374302,0.946648044693,0.635126377187,0.593582887701,0.589247311828,4.11633772
310,0.0380852829716,0.0382649660349,0.0382294401798,0.952942203597,0.947974860335,0.949162011173,0.657342657343,0.604774535809,0.616033755274,4.250708877
320,0.0320748950746,0.0323353484115,0.0324637122001,0.952854897852,0.947974860335,0.948603351955,0.656050955414,0.604774535809,0.610169491525,4.382088728
330,0.0295322126721,0.0298484211529,0.0295754434942,0.962545835516,0.95844972067,0.962011173184,0.745400593472,0.707616707617,0.74144486692,4.511255253
340,0.0271268564127,0.0273705062998,0.0269663045984,0.966038065305,0.961592178771,0.967877094972,0.774753908512,0.738095238095,0.789762340037,4.640902011
350,0.0267892715421,0.0270290980701,0.0266440590458,0.96760956871,0.962639664804,0.96843575419,0.787635947338,0.747044917258,0.795660036166,4.768328181
360,0.0267538672624,0.02701008513,0.0266019240234,0.967260345731,0.962290502793,0.968156424581,0.784606547961,0.744075829384,0.792727272727,4.90154142
370,0.0261424165635,0.0266839237837,0.0260724025924,0.968395320412,0.964036312849,0.968994413408,0.794551645857,0.758782201405,0.8,5.035142808
380,0.0226069728316,0.0232169365286,0.0226540267984,0.9644665619,0.959497206704,0.965642458101,0.761849034523,0.719806763285,0.771799628942,5.164480745
390,0.0215967710045,0.0222455676073,0.0217239621428,0.964815784879,0.959846368715,0.965363128492,0.764740221833,0.722891566265,0.769516728625,5.299550189
400,0.0214926322187,0.0221533553262,0.0215647881351,0.965426925092,0.960544692737,0.965921787709,0.76976744186,0.729016786571,0.774074074074,5.429155289
410,0.0210891283752,0.0217202446151,0.0211302345932,0.966561899773,0.961592178771,0.967877094972,0.779504893495,0.738095238095,0.789762340037,5.565411441
420,0.020862902656,0.0214392050925,0.0209183057384,0.967347651475,0.961941340782,0.968156424581,0.786041189931,0.74109263658,0.79197080292,5.705782826
430,0.0203429074978,0.0209408975117,0.0203743249476,0.968744543391,0.963687150838,0.968994413408,0.797511312217,0.758139534884,0.8,5.83844824
440,0.0200208336938,0.0206770622419,0.0200993433518,0.969617600838,0.963337988827,0.968994413408,0.804274465692,0.755244755245,0.800718132855,5.970952489
450,0.019747492822,0.020391307131,0.0197863448086,0.966823817007,0.962988826816,0.967877094972,0.782359679267,0.75,0.791288566243,6.106507082
460,0.0180480299571,0.018657711238,0.0180315143824,0.969181072115,0.963337988827,0.968715083799,0.800902425268,0.754098360656,0.797833935018,6.240107375
470,0.017945126045,0.0186255493364,0.0179840867091,0.966474594028,0.963337988827,0.967039106145,0.779310344828,0.752941176471,0.784671532847,6.375684417
480,0.016970011659,0.0178050049065,0.0170042916077,0.966736511262,0.961941340782,0.968156424581,0.781160252728,0.74109263658,0.792727272727,6.516658532
490,0.0160315423067,0.0170156766538,0.0161996603932,0.967347651475,0.963337988827,0.967318435754,0.786529680365,0.751773049645,0.787658802178,6.649503764
500,0.0158403477035,0.0168984022006,0.0160096813113,0.96595075956,0.962988826816,0.966759776536,0.774305555556,0.75,0.782449725777,6.779892475
510,0.0151440114702,0.0162011613601,0.0153971452353,0.96891915488,0.963687150838,0.967877094972,0.798642533937,0.755868544601,0.792043399638,6.913179481
520,0.0146645924117,0.015804195665,0.0149212445398,0.968046097433,0.963337988827,0.967877094972,0.791571753986,0.751773049645,0.791288566243,7.054134303
530,0.013375753696,0.0145904163448,0.0136528118855,0.972411384669,0.96438547486,0.970391061453,0.825607064018,0.762790697674,0.812056737589,7.178872083
540,0.0125358223588,0.0135832772795,0.0129107659243,0.974332111053,0.969273743017,0.974022346369,0.843450479233,0.804444444444,0.840480274443,7.304713677
550,0.0120524603333,0.0131368894909,0.0124726939613,0.974332111053,0.969273743017,0.974022346369,0.843450479233,0.804444444444,0.840480274443,7.436696451
560,0.0117349335652,0.0129915603118,0.0123636136295,0.975030557011,0.969622905028,0.972625698324,0.849631966351,0.809628008753,0.836120401338,7.566857589
570,0.0114055711162,0.0125774488003,0.0119054541718,0.974506722542,0.968924581006,0.97374301676,0.845174973489,0.80266075388,0.840136054422,7.70400391
580,0.0114058257934,0.0125735741885,0.0119011300276,0.974506722542,0.968924581006,0.97374301676,0.845174973489,0.80266075388,0.840136054422,7.835148501
590,0.0111422239642,0.0123585343499,0.011673087422,0.974681334032,0.968924581006,0.973463687151,0.846398305085,0.80266075388,0.838709677419,7.964699573
600,0.0109205815366,0.0121975013064,0.0114862681605,0.973895582329,0.968924581006,0.973184357542,0.838640043173,0.8,0.834482758621,8.092554891
610,0.0119601329486,0.0135882829841,0.0122513204717,0.967784180199,0.963687150838,0.967318435754,0.790221716885,0.754716981132,0.786885245902,8.221230235
620,0.0103382728102,0.0116328675588,0.0108694426746,0.974681334032,0.97032122905,0.972067039106,0.844587352626,0.810690423163,0.827586206897,8.352250151
630,0.00993262653533,0.0111146025924,0.0106008791434,0.976252837437,0.97311452514,0.974022346369,0.856992639327,0.832971800434,0.845257903494,8.482413911
640,0.00980843160786,0.010914213314,0.0105367121679,0.977387812118,0.974511173184,0.974860335196,0.865454545455,0.843683083512,0.852941176471,8.610944021
650,0.00974407009136,0.0108439579948,0.0104626914387,0.977300506373,0.974860335196,0.975139664804,0.864864864865,0.845493562232,0.854337152209,8.743349547
660,0.00974257156491,0.0108565047184,0.0104738226504,0.977213200629,0.974860335196,0.974581005587,0.864556305138,0.845493562232,0.851063829787,8.872117782
670,0.00962638519899,0.010725923747,0.0103950423413,0.977125894884,0.974162011173,0.974022346369,0.863825363825,0.841201716738,0.847790507365,8.998260702
680,0.00949401965521,0.0105184395145,0.0103477157152,0.977911646586,0.974511173184,0.974022346369,0.869520371325,0.843683083512,0.848780487805,9.128556041
690,0.00944452785605,0.0104160139681,0.0103363801208,0.978435481055,0.974511173184,0.974022346369,0.873398257304,0.844349680171,0.849757673667,9.266922537
700,0.00939445712241,0.0104846542926,0.0102655243023,0.977737035097,0.974511173184,0.974022346369,0.868217054264,0.843683083512,0.848780487805,9.392312549
710,0.00938354607221,0.0104710939794,0.0102497699366,0.977737035097,0.974511173184,0.97374301676,0.868217054264,0.843683083512,0.846905537459,9.522872868
720,0.0093152865314,0.0103564772943,0.0101687230391,0.977562423607,0.974162011173,0.973463687151,0.866908337649,0.841201716738,0.844517184943,9.647226857
730,0.00927305612212,0.0102945587614,0.0101404619771,0.977824340842,0.974162011173,0.974022346369,0.868665977249,0.841201716738,0.848287112561,9.772455514
740,0.00926358536113,0.0102870962145,0.0101448990552,0.977562423607,0.974511173184,0.973463687151,0.866908337649,0.843683083512,0.845024469821,9.897893626
750,0.00914710853753,0.0100881656033,0.0101001680295,0.978086258076,0.976606145251,0.97374301676,0.871216008209,0.858350951374,0.847896440129,10.025540096
760,0.00909795136839,0.0100841811452,0.010058558331,0.977911646586,0.976606145251,0.97374301676,0.870056497175,0.858350951374,0.847896440129,10.155620918
770,0.00902661492864,0.0098617961457,0.0102274946327,0.978872009778,0.975907821229,0.97374301676,0.878514056225,0.857731958763,0.851735015773,10.283409072
780,0.00902104539855,0.00985464490811,0.0102194378277,0.978872009778,0.975907821229,0.97374301676,0.878514056225,0.857731958763,0.851735015773,10.410520469
790,0.00900324226569,0.00991424115933,0.0100635179097,0.978610092544,0.976606145251,0.974022346369,0.874936191935,0.858947368421,0.850241545894,10.535227358
800,0.00899433245566,0.00993761014935,0.0100498783758,0.978435481055,0.97625698324,0.974022346369,0.873786407767,0.856540084388,0.850241545894,10.669432562
810,0.00896539736415,0.00988381900446,0.010027926491,0.97834817531,0.976606145251,0.974022346369,0.873210633947,0.858947368421,0.850241545894,10.794947909
820,0.00892246360472,0.00984172349348,0.0100268322002,0.978697398289,0.976606145251,0.974581005587,0.875510204082,0.859538784067,0.85393258427,10.9219758
830,0.00890307362892,0.00981204644663,0.0100191964783,0.978784704034,0.97625698324,0.974581005587,0.876083630801,0.857740585774,0.85393258427,11.048735001
840,0.00881904051508,0.00970473692172,0.0100216903105,0.979046621268,0.97625698324,0.974860335196,0.878542510121,0.858333333333,0.856230031949,11.174603279
850,0.00881865134517,0.00967320370171,0.0100059418693,0.979046621268,0.97625698324,0.975139664804,0.878542510121,0.858333333333,0.8576,11.298354616
860,0.00884601991014,0.00963726880462,0.0100297914043,0.979483149991,0.975558659218,0.974860335196,0.88161209068,0.855371900826,0.857142857143,11.425479814
870,0.00877939781174,0.00964034648695,0.00997799475759,0.979221232757,0.975907821229,0.974581005587,0.879797979798,0.856548856549,0.855325914149,11.550254772
880,0.00870435473503,0.00973865537391,0.00990309838793,0.978784704034,0.976606145251,0.975139664804,0.876837303599,0.861283643892,0.8576,11.677105596
890,0.00868883078094,0.00966039120386,0.00988297846525,0.978784704034,0.975907821229,0.975139664804,0.877458396369,0.857142857143,0.859842519685,11.801476573
900,0.00867349948632,0.00963015089214,0.0098691108614,0.978959315523,0.97625698324,0.975139664804,0.878589420655,0.859504132231,0.859842519685,11.925553736
910,0.00865360249044,0.00959211008285,0.00983648735882,0.979221232757,0.976955307263,0.975698324022,0.880281690141,0.864197530864,0.863422291994,12.05541251
920,0.00886909685284,0.00969667640877,0.010280864199,0.978784704034,0.976955307263,0.974860335196,0.88035450517,0.866935483871,0.861538461538,12.179829957
930,0.00862029260499,0.00951266473994,0.00975044043824,0.979483149991,0.97625698324,0.975418994413,0.88161209068,0.859504132231,0.860759493671,12.308667934
940,0.00860505611622,0.00949517540531,0.00978330296386,0.979308538502,0.976955307263,0.975698324022,0.880724710619,0.864197530864,0.863422291994,12.440798306
950,0.00859832594153,0.00946362773694,0.00978279309663,0.979483149991,0.976955307263,0.975977653631,0.881968859869,0.864197530864,0.865203761755,12.570941758
960,0.00856991702826,0.00946492496477,0.00975320124886,0.979570455736,0.97625698324,0.975139664804,0.882175226586,0.859504132231,0.859399684044,12.700325969
970,0.00854843393212,0.00942731791854,0.00973641513969,0.979570455736,0.976955307263,0.974581005587,0.882412060302,0.864197530864,0.856692913386,12.831690801
980,0.00854646544148,0.00941836878566,0.00973703302394,0.979657761481,0.976955307263,0.974581005587,0.882973380211,0.864197530864,0.856692913386,12.956977564
990,0.00848883047028,0.00930644204197,0.00970039637384,0.979657761481,0.977304469274,0.974581005587,0.88320802005,0.866529774127,0.856692913386,13.080410146
1000,0.00848701682186,0.00930074522951,0.00970235377744,0.979570455736,0.977304469274,0.974860335196,0.882765531062,0.866529774127,0.858490566038,13.21151897
1010,0.00846016902853,0.00932396586512,0.00967843447654,0.979570455736,0.976955307263,0.975977653631,0.881937436932,0.864197530864,0.862179487179,13.340681844
1020,0.00844658012078,0.00924969384957,0.00971295614137,0.979570455736,0.977304469274,0.975139664804,0.882765531062,0.867075664622,0.860282574568,13.466078329
1030,0.00841075784916,0.00922821375369,0.00961389673689,0.979570455736,0.978002793296,0.975698324022,0.881698685541,0.870103092784,0.8608,13.591702471
1040,0.00840543784733,0.0092499964075,0.00960315848509,0.979657761481,0.978701117318,0.975977653631,0.882263769581,0.874743326489,0.862619808307,13.720804947
1050,0.00836661689089,0.00914250208363,0.00964872992331,0.979919678715,0.978351955307,0.975698324022,0.88453815261,0.872950819672,0.862123613312,13.854814176
1060,0.00834838667583,0.00914878643185,0.00965505800658,0.979919678715,0.978002793296,0.975977653631,0.88453815261,0.871165644172,0.863924050633,13.981662569
1070,0.00834552425338,0.00912986143673,0.00963051606811,0.98000698446,0.978351955307,0.975977653631,0.884982420894,0.872950819672,0.863492063492,14.108569072
1080,0.00833200147215,0.00913731228643,0.00961887951699,0.98000698446,0.978351955307,0.97625698324,0.884982420894,0.872950819672,0.865718799368,14.234049661
1090,0.00828249162703,0.00904641425733,0.00962175341423,0.980094290204,0.977653631285,0.975977653631,0.886,0.869387755102,0.864779874214,14.361262722
1100,0.00828200732135,0.00904002906072,0.00961364721144,0.980094290204,0.977653631285,0.975977653631,0.886,0.869387755102,0.864779874214,14.500719273
1110,0.00826968323709,0.00906583208357,0.00959357146325,0.980181595949,0.978002793296,0.975977653631,0.886329494241,0.871165644172,0.864353312303,14.630222068
1120,0.00846820543251,0.00897560876101,0.0099634641782,0.97983237297,0.979748603352,0.975698324022,0.886486486486,0.884,0.866359447005,14.753639798
1130,0.0082621336625,0.00907939264451,0.00958925582479,0.98000698446,0.978002793296,0.975977653631,0.885097842449,0.871165644172,0.864353312303,14.883521389
1140,0.00832043832472,0.00923434898001,0.00959034937626,0.980094290204,0.976955307263,0.975698324022,0.885080645161,0.863636363636,0.8608,15.009758628
1150,0.00825440351267,0.00910423300489,0.00959991199187,0.980094290204,0.978002793296,0.97625698324,0.885656970913,0.871165644172,0.865718799368,15.147343085
1160,0.00825428531413,0.00911232291792,0.00960724036925,0.980181595949,0.977653631285,0.975977653631,0.885757423251,0.868852459016,0.862619808307,15.274293
1170,0.00824805778286,0.00909468813834,0.00958947455832,0.98000698446,0.978002793296,0.97625698324,0.885097842449,0.871165644172,0.865718799368,15.404936286
1180,0.00824710307345,0.00908753646773,0.00959737963578,0.980094290204,0.977304469274,0.975977653631,0.885656970913,0.867617107943,0.864353312303,15.531563433
1190,0.0082388528419,0.00904265106783,0.0095811198831,0.980268901694,0.977653631285,0.975977653631,0.886773547094,0.869918699187,0.864353312303,15.694805644
1200,0.00823341238818,0.00909121849744,0.00957042248727,0.980356207438,0.978351955307,0.976536312849,0.886991461577,0.873469387755,0.866666666667,15.819444248
1210,0.00823851209238,0.00914889568401,0.00953401813603,0.980181595949,0.978351955307,0.97625698324,0.885526979324,0.872427983539,0.864433811802,15.947909724
1220,0.00821959917682,0.0090183507215,0.00955393951394,0.980181595949,0.978002793296,0.977094972067,0.886101354742,0.871690427699,0.870253164557,16.073305766
1230,0.00817218305447,0.00895329646744,0.00956604196638,0.980181595949,0.978351955307,0.976815642458,0.886783042394,0.873983739837,0.869701726845,16.19813023
1240,0.00817707343676,0.00890888639991,0.00954826769961,0.980356207438,0.978351955307,0.976815642458,0.887892376682,0.874493927126,0.870109546166,16.325218646
1250,0.00814227984877,0.00905731592681,0.00944172574738,0.98000698446,0.978701117318,0.975698324022,0.884634760705,0.874226804124,0.8608,16.450288107
1260,0.00823031326043,0.0092615894275,0.00941235372562,0.979657761481,0.978701117318,0.975418994413,0.881665820213,0.874743326489,0.858974358974,16.575775271
1270,0.00810151220488,0.00897367608445,0.00941046285061,0.980618124673,0.97905027933,0.975698324022,0.888554216867,0.876543209877,0.8608,16.700743094
1280,0.0080875103157,0.00889984371977,0.00944571750043,0.980792736162,0.978351955307,0.975977653631,0.88988988989,0.872950819672,0.863492063492,16.822809971
1290,0.00807831060558,0.00889823627163,0.00945207392634,0.980967347651,0.977653631285,0.977094972067,0.891108891109,0.869387755102,0.870662460568,16.94580192
1300,0.00807239888248,0.00891138578133,0.00943992935856,0.980792736162,0.977653631285,0.976815642458,0.89,0.869387755102,0.86887835703,17.067932364
1310,0.00807154032265,0.00891431612029,0.00943266818096,0.980880041907,0.977653631285,0.976815642458,0.890554722639,0.869387755102,0.86887835703,17.191179695
1320,0.00808577614461,0.00897450255678,0.00943094448269,0.980880041907,0.978701117318,0.975698324022,0.890115403914,0.874743326489,0.861244019139,17.315441298
1330,0.00806459537274,0.00890145764569,0.00943290303635,0.980792736162,0.978002793296,0.977653631285,0.89,0.871690427699,0.874213836478,17.444813359
1340,0.00804749350779,0.00888962331416,0.0094023321211,0.980967347651,0.978002793296,0.977653631285,0.891108891109,0.871690427699,0.874213836478,17.567514105
1350,0.00803153772754,0.00890593096438,0.0093491170017,0.981054653396,0.97905027933,0.976536312849,0.891337005508,0.877049180328,0.866666666667,17.691589733
1360,0.00803248633501,0.00890911967541,0.00935913514447,0.980967347651,0.97905027933,0.976536312849,0.890890890891,0.877049180328,0.866666666667,17.814108647
1370,0.00802006019693,0.00891457921304,0.00934658711587,0.980967347651,0.97905027933,0.976536312849,0.891,0.877049180328,0.866666666667,17.93670892
1380,0.00806744067403,0.00891143918404,0.00929201948042,0.980356207438,0.97905027933,0.975977653631,0.886535552194,0.876543209877,0.862619808307,18.059155036
1390,0.00800599255485,0.00892326152683,0.00934222092953,0.980967347651,0.97905027933,0.976536312849,0.891,0.877049180328,0.866666666667,18.182645971
1400,0.00800043297715,0.00893554410794,0.0093640212092,0.981054653396,0.978701117318,0.976815642458,0.891770573566,0.875255623722,0.86887835703,18.305143967
1410,0.0079963761835,0.00891428950289,0.00935228112745,0.981054653396,0.97905027933,0.976815642458,0.891662506241,0.877049180328,0.868462757528,18.427700279
1420,0.0079895359141,0.00891526358491,0.00933705530328,0.981054653396,0.97905027933,0.976815642458,0.891662506241,0.877049180328,0.868462757528,18.550331815
1430,0.0079867612446,0.0089228533531,0.00933256367594,0.981054653396,0.97905027933,0.976815642458,0.891662506241,0.877049180328,0.868462757528,18.672762541
1440,0.00798695696643,0.00891630260725,0.00933950461704,0.981054653396,0.978701117318,0.976815642458,0.891662506241,0.875255623722,0.86887835703,18.796037322
1450,0.00810358013484,0.00910685549138,0.00935325644165,0.980094290204,0.978351955307,0.97625698324,0.884964682139,0.872427983539,0.864433811802,18.918243184
1460,0.00796425063102,0.00888391502405,0.00935123975979,0.981054653396,0.978701117318,0.976815642458,0.891770573566,0.875255623722,0.869291338583,19.039918188
1470,0.00795139635956,0.00885825579509,0.00932325695024,0.981054653396,0.978701117318,0.976815642458,0.891770573566,0.875255623722,0.869291338583,19.164091902
1480,0.00794580891364,0.00885310980652,0.00933330158274,0.980967347651,0.978701117318,0.976815642458,0.891326021934,0.875255623722,0.869291338583,19.287040143
1490,0.00793834321259,0.00885682729995,0.00933621558987,0.981054653396,0.978701117318,0.976815642458,0.891878425511,0.875255623722,0.869291338583,19.409472916
1500,0.00792336968399,0.00885121085179,0.00932106787146,0.981054653396,0.978701117318,0.976536312849,0.891878425511,0.875255623722,0.867924528302,19.559032377
1510,0.00789803128792,0.00885194341226,0.00928042089154,0.980792736162,0.97905027933,0.976815642458,0.89010989011,0.877551020408,0.869291338583,19.682442775
1520,0.00788477699737,0.00880149488442,0.0092863827459,0.980967347651,0.979399441341,0.976536312849,0.891434262948,0.87983706721,0.867924528302,19.806867663
1530,0.00788482432796,0.00885144970539,0.00927784366253,0.980880041907,0.97905027933,0.976536312849,0.890664003994,0.877551020408,0.867924528302,19.931410618
1540,0.00787392575976,0.00884367101645,0.00926663356659,0.980792736162,0.97905027933,0.976815642458,0.89010989011,0.877551020408,0.86887835703,20.055278975
1550,0.00786786793061,0.00883720236252,0.00927407165717,0.980967347651,0.978701117318,0.976536312849,0.89121756487,0.875255623722,0.868338557994,20.17906745
1560,0.00786703982268,0.00882460833298,0.00927165767653,0.980967347651,0.978701117318,0.976536312849,0.89121756487,0.875255623722,0.868338557994,20.304125068
1570,0.00785375611195,0.00881326792786,0.00927753519337,0.980967347651,0.97905027933,0.976536312849,0.89121756487,0.877551020408,0.868338557994,20.429053149
1580,0.00787571835727,0.00885376433552,0.00928537945159,0.980880041907,0.97905027933,0.976815642458,0.890554722639,0.877049180328,0.86887835703,20.552053482
1590,0.00785336895059,0.00879999656673,0.00928795275384,0.981141959141,0.97905027933,0.976536312849,0.892323030907,0.877551020408,0.868338557994,20.67508964
1600,0.00786650214745,0.00880242243373,0.00928184339037,0.980880041907,0.97905027933,0.976536312849,0.890773067332,0.877551020408,0.868338557994,20.80241611
1610,0.00804634360853,0.0088131294283,0.00901953144598,0.980967347651,0.979399441341,0.977932960894,0.889114954222,0.876826722338,0.872785829308,20.925732434
1620,0.00783413085357,0.00871511290359,0.00935770363684,0.98149118212,0.979399441341,0.976536312849,0.895256916996,0.880808080808,0.869969040248,21.048938158
1630,0.00782068040001,0.00869834318322,0.00931842079468,0.98131657063,0.979399441341,0.977094972067,0.894059405941,0.880808080808,0.872274143302,21.176376494
1640,0.00780754644438,0.00876562287229,0.00928722087335,0.98131657063,0.979748603352,0.976815642458,0.893849206349,0.882591093117,0.870514820593,21.29962395
1650,0.00780089576587,0.00876233096004,0.00930199724298,0.98131657063,0.979748603352,0.976815642458,0.893849206349,0.882591093117,0.870514820593,21.454059777
1660,0.00779526945264,0.00875041786876,0.00929186355044,0.98131657063,0.980097765363,0.976815642458,0.893849206349,0.884381338742,0.870514820593,21.595310895
1670,0.00780274709241,0.00881674026785,0.00928992443363,0.981229264886,0.979399441341,0.976815642458,0.893194237457,0.87983706721,0.869701726845,21.727850857
1680,0.00780384653471,0.00874564681923,0.0092912535769,0.981141959141,0.980097765363,0.976815642458,0.892750744786,0.884381338742,0.870514820593,21.85980628
1690,0.00777634154998,0.0087395238173,0.00926551557533,0.981054653396,0.979399441341,0.976536312849,0.892093485828,0.880324543611,0.86875,21.995044319
1700,0.00777656582033,0.0087460810488,0.00927983569124,0.981141959141,0.979399441341,0.976536312849,0.892644135189,0.880324543611,0.86875,22.141739587
1710,0.00777824105485,0.00873806344225,0.00930542020687,0.981054653396,0.979399441341,0.975698324022,0.891986062718,0.880324543611,0.863849765258,22.269477722
1720,0.00775361159737,0.0086759793895,0.00930352323478,0.981054653396,0.979748603352,0.975977653631,0.892093485828,0.881632653061,0.865203761755,22.405757785
1730,0.00774656371555,0.00869590730784,0.00926521746227,0.980880041907,0.980097765363,0.97625698324,0.890990542558,0.883435582822,0.866562009419,22.543833691
1740,0.00774760734116,0.00869165863349,0.00929411892047,0.981229264886,0.979748603352,0.97625698324,0.893194237457,0.882113821138,0.867394695788,22.674536992
1750,0.00773970559568,0.00866821670281,0.0092599378095,0.981141959141,0.979748603352,0.975977653631,0.892644135189,0.882113821138,0.865203761755,22.807972855
1760,0.00774169547896,0.00864581544155,0.00926762704575,0.981141959141,0.979748603352,0.975698324022,0.892644135189,0.882113821138,0.863849765258,22.929120134
1770,0.00866710719169,0.00948227508006,0.0106789435093,0.98000698446,0.979399441341,0.974581005587,0.890587673196,0.884540117417,0.864381520119,23.052074462
1780,0.00777768039557,0.00878482688606,0.00927751733075,0.980792736162,0.980097765363,0.976815642458,0.890219560878,0.883435582822,0.869291338583,23.176694782
1790,0.00785872721239,0.00874306414988,0.00935929869091,0.980880041907,0.979748603352,0.975698324022,0.890335503255,0.881147540984,0.862559241706,23.299495344
1800,0.00773584292472,0.00866661785573,0.00926050496128,0.981054653396,0.980097765363,0.97625698324,0.891878425511,0.883435582822,0.866562009419,23.427597582
1810,0.00773375527865,0.0086604660497,0.00926077213841,0.981054653396,0.979748603352,0.97625698324,0.891878425511,0.881632653061,0.866562009419,23.549387682
1820,0.00770500760595,0.00861815678394,0.00925515087041,0.981403876375,0.980097765363,0.97625698324,0.89429280397,0.883910386965,0.866562009419,23.674663991
1830,0.00771332231106,0.00856431928795,0.0092381102157,0.981403876375,0.979748603352,0.97625698324,0.89429280397,0.882113821138,0.866562009419,23.797765157
1840,0.00775563519044,0.00854529784457,0.00931768612695,0.981141959141,0.980097765363,0.976536312849,0.89296333003,0.884381338742,0.868338557994,23.921766518
1850,0.00770005900684,0.008569835811,0.00929880847804,0.981229264886,0.979399441341,0.976815642458,0.893511639425,0.880324543611,0.870514820593,24.04748586
1860,0.00770461607574,0.00863068976245,0.00924979705657,0.981403876375,0.979748603352,0.97625698324,0.894397620228,0.882113821138,0.866562009419,24.1715708
1870,0.00769480127971,0.0085819213284,0.00923181922268,0.981403876375,0.980097765363,0.97625698324,0.894397620228,0.883910386965,0.866562009419,24.294195317
1880,0.00768632905753,0.00854709457027,0.00921818254449,0.981403876375,0.979399441341,0.97625698324,0.894397620228,0.880324543611,0.866562009419,24.416517744
1890,0.00768236187662,0.00854273312761,0.00922262082948,0.981403876375,0.979748603352,0.97625698324,0.894397620228,0.882113821138,0.866562009419,24.541220897
1900,0.007680073415,0.0085884262082,0.00920823181048,0.98149118212,0.980446927374,0.97625698324,0.894632206759,0.885245901639,0.866562009419,24.664781783
1910,0.00766615861449,0.0085434585944,0.00920676148176,0.981403876375,0.980097765363,0.975977653631,0.894187779434,0.883435582822,0.864779874214,24.789056385
1920,0.00766064440315,0.00853531073267,0.00920015533004,0.98149118212,0.980097765363,0.97625698324,0.894736842105,0.883435582822,0.866562009419,24.912487984
1930,0.00765733363579,0.00850908052234,0.00921469668386,0.981578487865,0.980097765363,0.97625698324,0.895285359801,0.883435582822,0.866562009419,25.038964752
1940,0.00764482441523,0.00850900184192,0.00925921239293,0.982189628078,0.980097765363,0.97625698324,0.899109792285,0.884381338742,0.867807153966,25.162464938
1950,0.00783442249518,0.00858110167072,0.00969916125806,0.980967347651,0.979399441341,0.97625698324,0.893241919687,0.882235528942,0.869831546708,25.28679939
1960,0.00764001634104,0.00850931832536,0.00926277005435,0.981840405099,0.980446927374,0.976536312849,0.89692765114,0.886178861789,0.869158878505,25.408715394
1970,0.0076389544992,0.00852574805433,0.00925280632494,0.981753099354,0.980097765363,0.976536312849,0.89638076351,0.883910386965,0.869158878505,25.532271396
1980,0.00763594505842,0.00859395705462,0.00915347885216,0.98131657063,0.980446927374,0.975977653631,0.893638170974,0.885245901639,0.864779874214,25.654770601
1990,0.00762104864033,0.00851093671206,0.00915776099316,0.98131657063,0.980796089385,0.97625698324,0.893638170974,0.887525562372,0.866562009419,25.779066823
2000,0.00761550081261,0.00849951791578,0.00916284460001,0.98131657063,0.980796089385,0.97625698324,0.893638170974,0.887525562372,0.866562009419,25.90482857
2010,0.0076053438126,0.00845067699579,0.00919658198971,0.98149118212,0.979748603352,0.975977653631,0.894841269841,0.882113821138,0.865203761755,26.028124883
2020,0.00759994866771,0.0084464950078,0.00920091390268,0.981578487865,0.979399441341,0.97625698324,0.895389191869,0.87983706721,0.866979655712,26.15050753
2030,0.00759577679822,0.00852409283195,0.00915805199077,0.981578487865,0.980097765363,0.97625698324,0.895285359801,0.883910386965,0.866979655712,26.272869438
2040,0.00759116450287,0.00845378987943,0.00918356013412,0.981403876375,0.980097765363,0.976536312849,0.894502228826,0.883910386965,0.86875,26.396345749
2050,0.00788460085801,0.0084910477516,0.00938919978353,0.981403876375,0.980446927374,0.975698324022,0.89429280397,0.886178861789,0.862559241706,26.518956938
2060,0.00758590575403,0.00844566844669,0.00918175464541,0.981403876375,0.980097765363,0.976815642458,0.894502228826,0.883910386965,0.870109546166,26.641217098
2070,0.00758346798431,0.00846253399686,0.00917242786179,0.981578487865,0.980097765363,0.976815642458,0.895492818227,0.883910386965,0.870109546166,26.766678811
2080,0.00758426811727,0.00846851729315,0.00918857090848,0.981578487865,0.979748603352,0.976536312849,0.895492818227,0.882113821138,0.86875,26.889247152
2090,0.00763823625312,0.00840483492165,0.00927111037088,0.980967347651,0.979399441341,0.977094972067,0.892822025565,0.880808080808,0.87306501548,27.011008037
2100,0.00759255022838,0.00848057317318,0.00923339346475,0.98149118212,0.980097765363,0.976815642458,0.89504950495,0.883910386965,0.870514820593,27.134530721
2110,0.00758024929254,0.00847493318783,0.00918064206399,0.981665793609,0.980097765363,0.976815642458,0.895936570862,0.883910386965,0.870109546166,27.260426682
2120,0.00757898118043,0.00848151020947,0.00920965840648,0.981665793609,0.979748603352,0.976536312849,0.895936570862,0.882113821138,0.86875,27.383570532
2130,0.0076062441922,0.00843046419201,0.00938262485131,0.98131657063,0.978701117318,0.977094972067,0.895200783546,0.877263581489,0.874617737003,27.507130999
2140,0.00776723716637,0.00856827834549,0.00966279822745,0.980967347651,0.980097765363,0.97625698324,0.893346379648,0.885311871227,0.870229007634,27.632383189
2150,0.00756249351115,0.00851058469548,0.00914303182577,0.981403876375,0.980446927374,0.976536312849,0.894187779434,0.885714285714,0.868338557994,27.757779097
2160,0.00762899717749,0.00857720247512,0.00915356363467,0.981141959141,0.979399441341,0.97625698324,0.892750744786,0.879345603272,0.866562009419,27.881096057
2170,0.00754957373112,0.00850847209343,0.00917276674408,0.98131657063,0.980097765363,0.977094972067,0.893954410307,0.883910386965,0.871875,28.01356743
2180,0.00754447923064,0.00850916206122,0.00918729344883,0.981578487865,0.980097765363,0.976815642458,0.895596239485,0.883910386965,0.870514820593,28.137998678
2190,0.00753978144736,0.0084833912983,0.00920898056987,0.981578487865,0.979748603352,0.976815642458,0.895596239485,0.882113821138,0.870514820593,28.26196985
2200,0.00753981866626,0.00852204783011,0.00918186877799,0.981578487865,0.980097765363,0.976536312849,0.895802469136,0.883910386965,0.86875,28.388500473
2210,0.00754409775159,0.00853637606633,0.00917415052989,0.98149118212,0.980446927374,0.976536312849,0.89504950495,0.885714285714,0.86875,28.518743246
2220,0.00753711088295,0.00847816458937,0.00918808752241,0.981578487865,0.980097765363,0.976815642458,0.895802469136,0.883910386965,0.870514820593,28.645034369
2230,0.00794775260762,0.00889451025293,0.00950021456058,0.980356207438,0.980097765363,0.975698324022,0.887556221889,0.883910386965,0.862992125984,28.768728783
2240,0.00753731322475,0.00848996127426,0.00922216445259,0.98149118212,0.979748603352,0.976815642458,0.895463510848,0.882113821138,0.870514820593,28.891814872
2250,0.00753121287309,0.00845488546612,0.00916946585463,0.981578487865,0.979748603352,0.97625698324,0.895596239485,0.882113821138,0.866979655712,29.014556679
2260,0.00752455090293,0.00848453414821,0.00914950633862,0.981665793609,0.980097765363,0.97625698324,0.896142433234,0.883910386965,0.866979655712,29.137660896
2270,0.00752732575561,0.0085225657674,0.00913810426639,0.981578487865,0.980097765363,0.97625698324,0.895492818227,0.883910386965,0.866979655712,29.261342813
2280,0.00753038296828,0.00848726656691,0.00912881647746,0.98149118212,0.979399441341,0.976536312849,0.89504950495,0.879345603272,0.868338557994,29.385478436
2290,0.00751734513384,0.00848682079254,0.00914187612024,0.981665793609,0.980097765363,0.97625698324,0.89603960396,0.883910386965,0.866979655712,29.508283191
2300,0.00752163535922,0.00846924022973,0.0091503636703,0.98149118212,0.980097765363,0.977094972067,0.895463510848,0.883910386965,0.872274143302,29.6319456
2310,0.0075290688905,0.00843444318971,0.00924268680226,0.981840405099,0.980097765363,0.977653631285,0.897637795276,0.884381338742,0.875776397516,29.754997263
2320,0.00778886835666,0.00877598520142,0.00931739070516,0.980530818928,0.980097765363,0.975698324022,0.888888888889,0.883910386965,0.862992125984,29.879249182
2330,0.00753477462688,0.00856711500673,0.00913149820029,0.981753099354,0.979748603352,0.976536312849,0.896483407628,0.881632653061,0.868338557994,30.002498935
2340,0.0075143635607,0.00845323589054,0.00914576542399,0.981578487865,0.980097765363,0.976536312849,0.895699456253,0.883910386965,0.86875,30.124998237
2350,0.00751229648224,0.00846558863757,0.00914144102414,0.98149118212,0.980097765363,0.976536312849,0.89504950495,0.883910386965,0.86875,30.249233267
2360,0.00750967197753,0.00844758200814,0.00915017774234,0.981665793609,0.980097765363,0.976815642458,0.896245059289,0.883910386965,0.870514820593,30.374394292
2370,0.00750961830082,0.00843784479373,0.00915590413246,0.981753099354,0.980097765363,0.976815642458,0.896790123457,0.883910386965,0.870514820593,30.501807359
2380,0.00749680701051,0.00842705730762,0.00916550928167,0.981665793609,0.980097765363,0.977094972067,0.896347482725,0.884381338742,0.871875,30.623203141
2390,0.00749470694515,0.00839498982876,0.00916135269489,0.981578487865,0.980097765363,0.977653631285,0.896007885658,0.884381338742,0.8753894081,30.745905736
2400,0.00748951510115,0.00842037872575,0.00914495239019,0.981578487865,0.980446927374,0.977653631285,0.895905278737,0.886178861789,0.8753894081,30.869453454
2410,0.00748749301413,0.00840974534648,0.00914463652629,0.981578487865,0.980446927374,0.977932960894,0.896007885658,0.886178861789,0.877138413686,30.992620018
2420,0.00748618525497,0.00840902735957,0.00915485589177,0.981578487865,0.980097765363,0.977932960894,0.896007885658,0.883910386965,0.877138413686,31.115290065
2430,0.00748838665806,0.00840807310679,0.00915288870705,0.981665793609,0.980097765363,0.977932960894,0.896449704142,0.883910386965,0.877138413686,31.238115597
2440,0.00746624117518,0.00838597604898,0.00917021000927,0.981753099354,0.979748603352,0.977374301676,0.896993592903,0.882113821138,0.874418604651,31.363621823
2450,0.00745900065098,0.00839364023154,0.00917807080696,0.981665793609,0.979748603352,0.977374301676,0.896653543307,0.882113821138,0.874418604651,31.486143717
2460,0.00745735680654,0.00839770562254,0.00916628205343,0.981578487865,0.980097765363,0.977374301676,0.896110290497,0.883910386965,0.874418604651,31.612016363
2470,0.00747563795838,0.00841614619903,0.00922599345145,0.981665793609,0.980097765363,0.977094972067,0.896755162242,0.884381338742,0.87306501548,31.734761906
2480,0.00745657707818,0.00840534545053,0.00916390637507,0.981840405099,0.979748603352,0.977374301676,0.897637795276,0.882113821138,0.874418604651,31.859460278
2490,0.00745554764931,0.00840505357048,0.00916757748958,0.981840405099,0.979748603352,0.977374301676,0.897637795276,0.882113821138,0.874418604651,31.982459691
2500,0.00745340899568,0.00839542783567,0.00919170262254,0.981753099354,0.980097765363,0.977374301676,0.897196261682,0.884381338742,0.874418604651,32.105604802
2510,0.00745637692843,0.00836841869806,0.0092033752235,0.98149118212,0.980097765363,0.976815642458,0.895669291339,0.884381338742,0.87171561051,32.23954152
2520,0.00744934927085,0.00840644968919,0.00917455606981,0.981665793609,0.980446927374,0.977374301676,0.896551724138,0.886178861789,0.874418604651,32.363947467
2530,0.00798490907307,0.00882128581747,0.0100605425286,0.980880041907,0.97905027933,0.975139664804,0.895465393795,0.881422924901,0.867756315007,32.489484479
2540,0.00749909647723,0.00866856326873,0.00915831585769,0.982015016588,0.97905027933,0.976815642458,0.897715988083,0.877049180328,0.870109546166,32.615704189
2550,0.00755347406169,0.00857205750508,0.00909955887161,0.981229264886,0.978351955307,0.977094972067,0.892014063285,0.871369294606,0.869841269841,32.762557204
2560,0.00744668610088,0.00836881959809,0.00920208113775,0.981753099354,0.980097765363,0.977094972067,0.897196261682,0.884381338742,0.87306501548,32.887756295
2570,0.00743989110193,0.00838714184212,0.00914971907808,0.981665793609,0.980446927374,0.976815642458,0.896551724138,0.886178861789,0.870917573872,33.009511553
2580,0.0074381003879,0.0083143019898,0.00916700978562,0.981578487865,0.980446927374,0.976815642458,0.896212493851,0.886639676113,0.871317829457,33.132453913
2590,0.00742130565762,0.00841130081012,0.00910079097327,0.982102322333,0.980097765363,0.977374301676,0.898965007393,0.884381338742,0.874418604651,33.253337362
2600,0.00742129186866,0.00841114601448,0.00910078692891,0.982102322333,0.980097765363,0.977374301676,0.898965007393,0.884381338742,0.874418604651,33.374965203
2610,0.00742690357695,0.00835921740122,0.00909779730054,0.981840405099,0.980097765363,0.977094972067,0.897435897436,0.884381338742,0.872670807453,33.497135485
2620,0.00746221555706,0.00847266200286,0.00913646142266,0.981753099354,0.979399441341,0.976536312849,0.897196261682,0.881287726358,0.871165644172,33.622137647
2630,0.00742196795449,0.00840477306475,0.00908040099014,0.982015016588,0.980097765363,0.977374301676,0.898321816387,0.884381338742,0.874418604651,33.743546389
2640,0.00741913215794,0.00843817875562,0.00910766160186,0.982015016588,0.979748603352,0.977374301676,0.898522167488,0.882591093117,0.874418604651,33.865926037
2650,0.00741343788548,0.00843226224308,0.00907659266998,0.981840405099,0.978701117318,0.977094972067,0.897131552918,0.875255623722,0.872670807453,33.989067457
2660,0.0074069091228,0.00841220495257,0.00909737170438,0.981840405099,0.980097765363,0.977374301676,0.897435897436,0.884381338742,0.874418604651,34.111400813
2670,0.00741073922543,0.00841535918232,0.00911319847178,0.981840405099,0.980097765363,0.977374301676,0.897435897436,0.884381338742,0.874418604651,34.239415906
2680,0.0074216145395,0.00835092711688,0.00914438981208,0.981840405099,0.980446927374,0.977374301676,0.897536945813,0.886639676113,0.874806800618,34.360635614
2690,0.00740288934271,0.0083960533172,0.00908569688356,0.982015016588,0.980446927374,0.977374301676,0.898321816387,0.886639676113,0.874418604651,34.484733433
2700,0.00740901075608,0.00845429543367,0.00907650307311,0.982189628078,0.979748603352,0.977094972067,0.899109792285,0.882113821138,0.872670807453,34.607615571
2710,0.00740721362026,0.00839963161323,0.00907894268439,0.982015016588,0.980446927374,0.977374301676,0.898321816387,0.886639676113,0.874418604651,34.729970601
2720,0.00748838456973,0.00868066228027,0.00909061396368,0.982015016588,0.97905027933,0.976536312849,0.897715988083,0.877049180328,0.86875,34.850901434
2730,0.00740215013674,0.00839629906785,0.00908611955937,0.982015016588,0.980446927374,0.977374301676,0.898321816387,0.886639676113,0.874418604651,34.976350507
2740,0.00740173579175,0.00840588762967,0.00908531703767,0.982015016588,0.980446927374,0.977374301676,0.898321816387,0.886639676113,0.874418604651,35.09879053
2750,0.00741541428381,0.008505458443,0.00909917088393,0.982015016588,0.978701117318,0.97625698324,0.897817460317,0.875255623722,0.866979655712,35.218416674
2760,0.00739991477131,0.00837119044149,0.00909870928233,0.981927710843,0.980446927374,0.977094972067,0.898079763663,0.886639676113,0.87306501548,35.340232884
2770,0.00739722491794,0.00836776921626,0.00911308211562,0.981927710843,0.980446927374,0.977374301676,0.898079763663,0.886639676113,0.874418604651,35.465043509
2780,0.00747723514556,0.00824098060107,0.0092623023416,0.982189628078,0.981145251397,0.97625698324,0.900097943193,0.89156626506,0.869029275809,35.58626557
2790,0.00739312309093,0.00837677081803,0.00913032096893,0.981927710843,0.980446927374,0.976536312849,0.898079763663,0.886639676113,0.869969040248,35.705573194
2800,0.00743265777023,0.00853942035702,0.00899659180043,0.981665793609,0.97905027933,0.976815642458,0.895209580838,0.876543209877,0.869291338583,35.823058433
2810,0.00739118996585,0.00837648936473,0.00911587997236,0.981927710843,0.980446927374,0.976536312849,0.898079763663,0.886639676113,0.869969040248,35.940840776
2820,0.00740812901542,0.00848564720268,0.00919209543472,0.981753099354,0.980097765363,0.97625698324,0.896993592903,0.884381338742,0.868217054264,36.061283889
2830,0.00739160787892,0.00839650396997,0.00910552125522,0.981753099354,0.980097765363,0.976815642458,0.896790123457,0.884381338742,0.871317829457,36.18474385
2840,0.00738754527153,0.00837282405863,0.00913667914053,0.981927710843,0.980446927374,0.97625698324,0.898180029513,0.886639676113,0.869029275809,36.30725282
2850,0.00738727557302,0.00837318135945,0.0091378190277,0.981927710843,0.980446927374,0.97625698324,0.898180029513,0.886639676113,0.869029275809,36.427199976
2860,0.00738426539504,0.00831327862535,0.00916347314314,0.982102322333,0.980097765363,0.976536312849,0.899361806578,0.884848484848,0.870769230769,36.545211103
2870,0.00755740341503,0.00849038731563,0.00917322775776,0.981578487865,0.978351955307,0.977094972067,0.894658012981,0.872427983539,0.870253164557,36.665920772
2880,0.00737722298376,0.00836642815861,0.00914557485742,0.981840405099,0.979399441341,0.976536312849,0.897637795276,0.880324543611,0.869969040248,36.785661872
2890,0.00737512670446,0.00837801915283,0.00914304248368,0.981753099354,0.979399441341,0.976536312849,0.896993592903,0.880324543611,0.869969040248,36.907811018
2900,0.00737306398881,0.00837366378633,0.00916934209686,0.981753099354,0.979399441341,0.976536312849,0.89709502708,0.880324543611,0.869969040248,37.031715036
2910,0.00737398100915,0.00836540110405,0.00917416933489,0.982015016588,0.979399441341,0.976815642458,0.89872173058,0.880324543611,0.87171561051,37.152124495
2920,0.00736543367491,0.00827646415676,0.00918274936591,0.982102322333,0.979748603352,0.976815642458,0.899262899263,0.882591093117,0.87171561051,37.273550654
2930,0.00735991410339,0.00830243850925,0.00916566590306,0.982015016588,0.979399441341,0.977094972067,0.89872173058,0.880324543611,0.87306501548,37.39697386
2940,0.00736661499652,0.00830557442637,0.00915916680738,0.982102322333,0.979399441341,0.977094972067,0.899163797344,0.880324543611,0.87306501548,37.516950553
2950,0.00735853872676,0.00829951588538,0.00916522906445,0.982015016588,0.979399441341,0.977094972067,0.89872173058,0.880324543611,0.87306501548,37.640026219
2960,0.0074808368919,0.00823759498239,0.0092761240835,0.982102322333,0.980446927374,0.976815642458,0.899559039686,0.887096774194,0.872110939908,37.763078602
2970,0.00735697302585,0.00830047149272,0.00916283212661,0.982015016588,0.979399441341,0.977374301676,0.89872173058,0.880324543611,0.874418604651,37.886499139
2980,0.00735481931273,0.0083744351126,0.0091646025515,0.981927710843,0.979399441341,0.977374301676,0.897979300148,0.880324543611,0.874806800618,38.009641025
2990,0.00736152513979,0.00834956841093,0.00917280476864,0.981927710843,0.979399441341,0.977374301676,0.898079763663,0.87983706721,0.874418604651,38.127074178
3000,0.00735446442894,0.00838764922345,0.00913448190004,0.981753099354,0.979399441341,0.976815642458,0.896688087,0.879345603272,0.870917573872,38.245296672
3010,0.00735294599398,0.00836776595083,0.00915557020396,0.981927710843,0.979399441341,0.977374301676,0.897979300148,0.87983706721,0.874418604651,38.360937083
3020,0.00735314232499,0.00836992617013,0.00914130794012,0.981753099354,0.979748603352,0.977374301676,0.896790123457,0.881632653061,0.874418604651,38.480758603
3030,0.00735135991906,0.00836900732733,0.00914163516028,0.981753099354,0.979748603352,0.977374301676,0.896790123457,0.881632653061,0.874418604651,38.600546908
3040,0.00746051559053,0.00851133938561,0.00912491826447,0.981840405099,0.979399441341,0.976815642458,0.8963110668,0.878850102669,0.869291338583,38.719679339
3050,0.00734814836898,0.00835505686385,0.00917665698435,0.982102322333,0.979399441341,0.977094972067,0.898965007393,0.87983706721,0.87306501548,38.846763256
3060,0.00737018667889,0.00841158969467,0.00917847931947,0.981840405099,0.97905027933,0.977374301676,0.897435897436,0.877551020408,0.874806800618,38.962704005
3070,0.00734549798952,0.00835783319832,0.00916209165073,0.982189628078,0.979399441341,0.977094972067,0.899408284024,0.87983706721,0.87306501548,39.08809388
3080,0.00742678048871,0.0086521682793,0.00915662797939,0.982538851056,0.97905027933,0.976815642458,0.90099009901,0.877049180328,0.870917573872,39.243147064
3090,0.00734194803505,0.00834900633487,0.0091901288723,0.982189628078,0.97905027933,0.977094972067,0.899507389163,0.878048780488,0.87306501548,39.364707357
3100,0.00734100211862,0.00834216264328,0.00919626136945,0.982189628078,0.97905027933,0.977094972067,0.899507389163,0.878048780488,0.87306501548,39.482828819
3110,0.00733649054256,0.0083445655369,0.00917939695881,0.982189628078,0.97905027933,0.977094972067,0.899507389163,0.878048780488,0.87306501548,39.624895685
3120,0.00733649054256,0.0083445655369,0.00917939695881,0.982189628078,0.97905027933,0.977094972067,0.899507389163,0.878048780488,0.87306501548,39.749644901
3130,0.00733928296808,0.00833692548489,0.00915930674615,0.982189628078,0.979399441341,0.977094972067,0.899507389163,0.87983706721,0.872670807453,39.867210699
3140,0.00733637172888,0.00834455765174,0.00917918385386,0.982189628078,0.97905027933,0.977094972067,0.899507389163,0.878048780488,0.87306501548,39.985886552
3150,0.00733740803454,0.00834549467626,0.00918862742375,0.982015016588,0.97905027933,0.977094972067,0.89872173058,0.878048780488,0.873456790123,40.104331614
3160,0.00733253020658,0.00835377144343,0.00918123400375,0.982015016588,0.979399441341,0.976815642458,0.898522167488,0.87983706721,0.870917573872,40.227216855
3170,0.00739800500155,0.00836812003951,0.00925217628466,0.982102322333,0.97905027933,0.97625698324,0.898363906792,0.877049180328,0.866562009419,40.347167719
3180,0.00732285655441,0.00831598818041,0.00923525527063,0.982189628078,0.97905027933,0.976536312849,0.9,0.878048780488,0.87037037037,40.4670085
3190,0.00732273525469,0.00831597019657,0.0092352117334,0.982189628078,0.97905027933,0.976536312849,0.9,0.878048780488,0.87037037037,40.588569058
3200,0.00735182589937,0.00842245048122,0.00918932857029,0.982276933822,0.979399441341,0.975977653631,0.899255583127,0.87983706721,0.865625,40.711018203
3210,0.00732241730753,0.00832116217103,0.00922442265147,0.982276933822,0.97905027933,0.976536312849,0.90044139284,0.878048780488,0.87037037037,40.829558157
3220,0.00732086110289,0.00832839688189,0.00922238211019,0.982276933822,0.97905027933,0.976815642458,0.90044139284,0.878048780488,0.87171561051,40.950459947
3230,0.00732421214948,0.00839158602146,0.00913715234869,0.981753099354,0.979748603352,0.975977653631,0.896688087,0.881632653061,0.865625,41.068584277
3240,0.00732472192571,0.00827236750017,0.0092641324294,0.982451545312,0.979399441341,0.976536312849,0.901422265817,0.880324543611,0.87037037037,41.187970686
3250,0.00733566908659,0.00831190037283,0.0092873008528,0.982276933822,0.980446927374,0.975977653631,0.900733496333,0.887550200803,0.868098159509,41.306967063
3260,0.00730960208289,0.00830861314799,0.00922079165972,0.982626156801,0.979399441341,0.976815642458,0.902307314678,0.880324543611,0.87171561051,41.424763395
3270,0.00731333334641,0.00829833182461,0.00923775267613,0.982626156801,0.980097765363,0.976536312849,0.902211302211,0.884848484848,0.87037037037,41.544822049
3280,0.00730364281733,0.00829229932688,0.00920967344341,0.982538851056,0.97905027933,0.976815642458,0.901768172888,0.878048780488,0.871317829457,41.666225687
3290,0.0073221146467,0.00839960038735,0.00918842433498,0.982276933822,0.97905027933,0.976536312849,0.900147565175,0.878048780488,0.869565217391,41.784928208
3300,0.00729579418558,0.00831249997941,0.00920429139685,0.982276933822,0.979399441341,0.976536312849,0.900147565175,0.87983706721,0.869565217391,41.903214248
3310,0.0072964044641,0.00832602012054,0.00920419417245,0.982276933822,0.979399441341,0.976536312849,0.900147565175,0.87983706721,0.869565217391,42.023374098
3320,0.00731437109062,0.0082807263673,0.00923437841259,0.982276933822,0.980097765363,0.976815642458,0.900049236829,0.884381338742,0.871317829457,42.142955498
3330,0.00729051741826,0.00829116218935,0.00920926804679,0.982102322333,0.979748603352,0.976815642458,0.899163797344,0.882113821138,0.871317829457,42.270145945
3340,0.00728642905903,0.00828524063058,0.00920125294921,0.982189628078,0.979748603352,0.976815642458,0.899606299213,0.882113821138,0.871317829457,42.390418925
3350,0.00727973511926,0.00829163317217,0.00920508064756,0.982276933822,0.979748603352,0.976815642458,0.900049236829,0.882113821138,0.871317829457,42.511102209
3360,0.00727971386426,0.00829494282325,0.00922080837917,0.982451545312,0.979748603352,0.976536312849,0.901131333005,0.882113821138,0.869969040248,42.630185242
3370,0.0072797700645,0.00829394719698,0.00920988811949,0.982538851056,0.979399441341,0.976536312849,0.901671583088,0.87983706721,0.869565217391,42.750062278
3380,0.00729194215746,0.00827282364782,0.00923204205771,0.982626156801,0.979748603352,0.976536312849,0.902211302211,0.882113821138,0.869969040248,42.871743568
3390,0.00727684854845,0.00826429179417,0.00923106616613,0.982451545312,0.980097765363,0.976815642458,0.901131333005,0.884381338742,0.872110939908,42.992671058
3400,0.00727487041338,0.00826474162815,0.00921906054538,0.982364239567,0.979748603352,0.976815642458,0.900590551181,0.882113821138,0.87171561051,43.113010405
3410,0.00727487041338,0.00826474162815,0.00921906054538,0.982364239567,0.979748603352,0.976815642458,0.900590551181,0.882113821138,0.87171561051,43.233495268
3420,0.00727492507941,0.00826497583549,0.00921905014168,0.982364239567,0.979748603352,0.976815642458,0.900590551181,0.882113821138,0.87171561051,43.354648557
3430,0.00731082142273,0.00824833318111,0.0092325309226,0.982364239567,0.979748603352,0.976815642458,0.900590551181,0.882113821138,0.87171561051,43.489265565
3440,0.00728614749533,0.00826087934458,0.00921994454656,0.982364239567,0.979748603352,0.976815642458,0.900590551181,0.882113821138,0.87171561051,43.60783446
3450,0.00727349414965,0.00824886150649,0.00922097912585,0.982364239567,0.980097765363,0.976815642458,0.900590551181,0.884381338742,0.87171561051,43.727598407
3460,0.00727241922828,0.00825788818268,0.00921719279363,0.982364239567,0.980097765363,0.976815642458,0.900590551181,0.884381338742,0.87171561051,43.847473426
3470,0.00727224263505,0.00825697044005,0.00921846003622,0.982364239567,0.980097765363,0.976815642458,0.900590551181,0.884381338742,0.87171561051,43.976193328
3480,0.00727176295018,0.00827574469963,0.00921173650888,0.982364239567,0.980097765363,0.976815642458,0.900688298918,0.884381338742,0.87171561051,44.106932306
3490,0.00726616384107,0.00824636278514,0.00921299878906,0.982538851056,0.980097765363,0.976815642458,0.901768172888,0.884381338742,0.87171561051,44.239995576
3500,0.00726550217988,0.00824918844672,0.00920431745528,0.982451545312,0.980097765363,0.976815642458,0.901228501229,0.884381338742,0.87171561051,44.372969016
3510,0.00727434915687,0.00831393795793,0.00918254962886,0.982189628078,0.980097765363,0.976815642458,0.899507389163,0.883910386965,0.871317829457,44.500951279
3520,0.00726743212924,0.00826294631469,0.00922735557928,0.982538851056,0.979748603352,0.976815642458,0.901671583088,0.882113821138,0.87171561051,44.623501233
3530,0.00727343852684,0.00828185903245,0.00917686264543,0.982015016588,0.979748603352,0.977094972067,0.898622047244,0.882113821138,0.872670807453,44.744057076
3540,0.00726386433124,0.00825454823689,0.00921162606953,0.982189628078,0.979748603352,0.976815642458,0.899803536346,0.882113821138,0.87171561051,44.864667345
3550,0.00726377078976,0.00824929633257,0.00921271617523,0.982189628078,0.980097765363,0.976815642458,0.899803536346,0.884381338742,0.87171561051,44.986675648
3560,0.00726374224731,0.00824780550303,0.00921095457018,0.982189628078,0.980097765363,0.976815642458,0.899705014749,0.884381338742,0.87171561051,45.105150683
3570,0.00726326142898,0.00824662725335,0.00920006883438,0.981927710843,0.979748603352,0.977094972067,0.898180029513,0.882113821138,0.872670807453,45.226014472
3580,0.00727202268497,0.00829767070072,0.0091767945235,0.981927710843,0.979399441341,0.976815642458,0.897979300148,0.87983706721,0.870917573872,45.348785841
3590,0.00726717948234,0.00829875877363,0.00918539034314,0.982015016588,0.979399441341,0.976815642458,0.898622047244,0.87983706721,0.870917573872,45.46873783
3600,0.0072667846852,0.00825272094842,0.00920181247352,0.982015016588,0.979748603352,0.976815642458,0.898622047244,0.882113821138,0.870917573872,45.598093866
3610,0.0072634067854,0.00822756685856,0.00919583658392,0.982189628078,0.979748603352,0.976536312849,0.899606299213,0.882113821138,0.869565217391,45.720517885
3620,0.00725806336705,0.00822749512075,0.00920806574399,0.982364239567,0.979748603352,0.97625698324,0.900785854617,0.882113821138,0.868217054264,45.839749693
3630,0.00733754889841,0.00829495232599,0.00934607758318,0.982364239567,0.980446927374,0.976536312849,0.9013671875,0.886639676113,0.871165644172,45.957347126
3640,0.00726091935188,0.00826954681001,0.0091949444882,0.982102322333,0.979399441341,0.976536312849,0.898965007393,0.87983706721,0.869158878505,46.076469814
3650,0.00731613023491,0.00814223756265,0.00932115626775,0.982015016588,0.980097765363,0.976815642458,0.898622047244,0.884381338742,0.871317829457,46.203162735
3660,0.00726556643907,0.00827943674664,0.0091946886703,0.982189628078,0.979748603352,0.976815642458,0.899507389163,0.882113821138,0.870917573872,46.330408107
3670,0.00725538690672,0.00824319014888,0.00920345822236,0.982015016588,0.979748603352,0.976815642458,0.898522167488,0.882113821138,0.870917573872,46.460704284
3680,0.00725330412137,0.0082185574151,0.00925371365693,0.982626156801,0.980097765363,0.976536312849,0.902307314678,0.884381338742,0.87037037037,46.581842643
3690,0.00725352493943,0.00821487590484,0.00925291677357,0.982626156801,0.980097765363,0.976536312849,0.902307314678,0.884381338742,0.87037037037,46.722357584
3700,0.00725187044924,0.00821802331698,0.00925737781415,0.982626156801,0.980446927374,0.976536312849,0.902307314678,0.886639676113,0.87037037037,46.848551402
3710,0.00755018691162,0.00841779158916,0.00947931932479,0.981578487865,0.97905027933,0.975698324022,0.895389191869,0.877551020408,0.864696734059,46.974871373
3720,0.00723427565728,0.00820715774036,0.00925184718132,0.982451545312,0.979748603352,0.976815642458,0.901325478645,0.882113821138,0.87171561051,47.102070299
3730,0.00723405789732,0.00819896759582,0.00925204906153,0.982451545312,0.979748603352,0.976815642458,0.901325478645,0.882113821138,0.87171561051,47.228919837
3740,0.00723393456102,0.00819889571563,0.00925215789652,0.982451545312,0.979748603352,0.976815642458,0.901325478645,0.882113821138,0.87171561051,47.357483551
3750,0.00724013410481,0.00819093747327,0.00925428336642,0.982451545312,0.979748603352,0.976815642458,0.901325478645,0.882113821138,0.87171561051,47.486133566
3760,0.00723382439405,0.00820249563745,0.00925103045601,0.982451545312,0.979748603352,0.976815642458,0.901325478645,0.882113821138,0.87171561051,47.606002018
3770,0.00723203805512,0.00823936242723,0.00918713138851,0.982102322333,0.979748603352,0.976815642458,0.899163797344,0.882113821138,0.871317829457,47.729389552
3780,0.00723271833776,0.00826216037994,0.00918181933265,0.982015016588,0.979748603352,0.976815642458,0.898622047244,0.882113821138,0.871317829457,47.856398677
3790,0.00723241512942,0.00824308954604,0.00918813039622,0.982189628078,0.979748603352,0.976815642458,0.899606299213,0.882113821138,0.871317829457,47.990602556
3800,0.00723953598486,0.00826776043379,0.00919225437478,0.982189628078,0.979748603352,0.977094972067,0.899606299213,0.882113821138,0.872670807453,48.108525705
3810,0.0072305780692,0.00822468054121,0.00920996101846,0.982364239567,0.979748603352,0.97625698324,0.900785854617,0.882591093117,0.868624420402,48.228359312
3820,0.00725144802853,0.00819351054744,0.00921401842294,0.982451545312,0.980097765363,0.975698324022,0.901325478645,0.884381338742,0.86594761171,48.348150966
3830,0.00723468904333,0.00827894666713,0.00919815166476,0.982189628078,0.979748603352,0.976815642458,0.899606299213,0.882113821138,0.871317829457,48.471875171
3840,0.00722313195788,0.0081863213302,0.00921091912529,0.982364239567,0.980097765363,0.976815642458,0.900688298918,0.884381338742,0.87171561051,48.590817107
3850,0.00722064519155,0.00819242196571,0.00920878674362,0.982364239567,0.980097765363,0.976815642458,0.900688298918,0.884381338742,0.87171561051,48.708457852
3860,0.00722063571957,0.0081908318422,0.00922642501604,0.982538851056,0.980097765363,0.976536312849,0.901671583088,0.884381338742,0.87037037037,48.829117625
3870,0.00721851720866,0.008157920017,0.00921440279708,0.982538851056,0.980446927374,0.976815642458,0.901768172888,0.886639676113,0.87171561051,48.950868442
3880,0.00721396675896,0.00814845410865,0.0092462616814,0.982626156801,0.980097765363,0.976536312849,0.902403138794,0.884848484848,0.87037037037,49.072174719
3890,0.00721312788954,0.00812302640413,0.00926078267883,0.982626156801,0.980446927374,0.976536312849,0.90249877511,0.887096774194,0.87037037037,49.194669109
3900,0.00721026348595,0.00815047398831,0.00924678826899,0.982538851056,0.979748603352,0.976815642458,0.901864573111,0.882591093117,0.87171561051,49.316580669
3910,0.00720925227675,0.00814500406052,0.00925375581718,0.982538851056,0.979748603352,0.976536312849,0.901864573111,0.882591093117,0.87037037037,49.439954156
3920,0.00760716899825,0.00862507070003,0.00911256470241,0.981054653396,0.978701117318,0.976815642458,0.890126582278,0.873706004141,0.866773675762,49.559984751
3930,0.00719894851362,0.0081824641216,0.00920370511865,0.982626156801,0.979748603352,0.97625698324,0.902211302211,0.882591093117,0.868217054264,49.677093443
3940,0.00719885823116,0.00818584515571,0.00920217895904,0.982626156801,0.979748603352,0.97625698324,0.902211302211,0.882591093117,0.868217054264,49.798738061
3950,0.00723971675707,0.00821658142549,0.00919435498498,0.982451545312,0.979399441341,0.975977653631,0.901422265817,0.880324543611,0.867283950617,49.917616438
3960,0.00721846597442,0.00831630231507,0.00916915656857,0.982538851056,0.979399441341,0.975977653631,0.901477832512,0.880324543611,0.866459627329,50.037452523
3970,0.00719822880363,0.00815934633573,0.00924170902273,0.982626156801,0.979748603352,0.976536312849,0.902307314678,0.882591093117,0.87037037037,50.154309208
3980,0.00720885135399,0.00815666587135,0.00917822864709,0.982538851056,0.979748603352,0.97625698324,0.901768172888,0.882591093117,0.868217054264,50.272703184
3990,0.00719706341429,0.0081840751723,0.00919409173984,0.982538851056,0.979399441341,0.97625698324,0.901768172888,0.880324543611,0.868217054264,50.389377408
4000,0.00719766400365,0.00815579332752,0.00922288871581,0.982451545312,0.979748603352,0.976536312849,0.901422265817,0.882591093117,0.869969040248,50.507142893
4010,0.00720349523231,0.00813871501843,0.00920470318489,0.982626156801,0.980097765363,0.97625698324,0.902307314678,0.884848484848,0.868217054264,50.627414625
4020,0.00719521168494,0.0081722375561,0.00921625204301,0.982451545312,0.979748603352,0.976536312849,0.901422265817,0.882591093117,0.869969040248,50.747572123
4030,0.00719301611397,0.0082159174033,0.00922503778239,0.982538851056,0.979399441341,0.97625698324,0.901864573111,0.880324543611,0.868624420402,50.86436358
4040,0.0071927213287,0.00821533555852,0.00922117778079,0.982538851056,0.979399441341,0.97625698324,0.901864573111,0.880324543611,0.868624420402,50.985896575
4050,0.00719167644565,0.00821247260312,0.00921031681568,0.982626156801,0.979399441341,0.97625698324,0.902403138794,0.880324543611,0.868624420402,51.106007613
4060,0.0071909994033,0.00820404426912,0.00920715944392,0.982626156801,0.979399441341,0.97625698324,0.902403138794,0.880324543611,0.868624420402,51.227228022
4070,0.00719040791597,0.00819128891168,0.00920577499022,0.982626156801,0.979399441341,0.97625698324,0.902403138794,0.880324543611,0.868624420402,51.344471907
4080,0.00719345109532,0.00820180266212,0.0092354095295,0.982713462546,0.979399441341,0.975698324022,0.9033203125,0.880324543611,0.866359447005,51.463774695
4090,0.00719195978681,0.00818037189452,0.00920611005846,0.982713462546,0.979748603352,0.97625698324,0.902941176471,0.882591093117,0.868624420402,51.580820393
4100,0.00722855288973,0.00843989348382,0.0091856852836,0.982713462546,0.978701117318,0.975977653631,0.902559055118,0.875763747454,0.866873065015,51.698727359
4110,0.00724750648409,0.00816028340721,0.00932321525962,0.982276933822,0.981145251397,0.97625698324,0.901408450704,0.89156626506,0.869831546708,51.819652312
4120,0.00723045852102,0.00833505960894,0.00908733731669,0.982364239567,0.980446927374,0.97625698324,0.899602385686,0.885714285714,0.867394695788,51.937560094
4130,0.00718680623053,0.00819333535044,0.00919882690589,0.982626156801,0.979399441341,0.975698324022,0.902403138794,0.880324543611,0.86511627907,52.055898947
4140,0.00729305631872,0.00852380037382,0.00902313697745,0.982276933822,0.979399441341,0.97625698324,0.898753117207,0.878850102669,0.867394695788,52.173473352
4150,0.00718544267113,0.00821696571907,0.00922184638668,0.982713462546,0.979399441341,0.975698324022,0.90284592738,0.880324543611,0.86511627907,52.292537525
4160,0.00718798889314,0.00822762520733,0.00922158564252,0.982451545312,0.979399441341,0.975977653631,0.901325478645,0.880324543611,0.866873065015,52.411299133
4170,0.00750502307973,0.00889597022989,0.00909620800659,0.98131657063,0.979748603352,0.975977653631,0.892354124748,0.880165289256,0.863924050633,52.535420967
4180,0.00718367698895,0.00824940705853,0.0092109015965,0.982538851056,0.979399441341,0.975977653631,0.901768172888,0.880324543611,0.866873065015,52.657708817
4190,0.00776087683496,0.00876763712543,0.00919146940299,0.980268901694,0.97905027933,0.977094972067,0.884928716904,0.874476987448,0.868167202572,52.780911059
4200,0.00718225857553,0.00824045600604,0.00921697515903,0.982538851056,0.979399441341,0.975977653631,0.901864573111,0.880324543611,0.866873065015,52.898399229
4210,0.00720000078009,0.00826227601511,0.00923077271682,0.982451545312,0.979399441341,0.975977653631,0.901422265817,0.880324543611,0.867283950617,53.01711305
4220,0.00729922177704,0.00837705837265,0.00925873159424,0.981927710843,0.97905027933,0.975418994413,0.897979300148,0.878048780488,0.863354037267,53.136331361
4230,0.00718021873985,0.00826686275667,0.00920652228212,0.982451545312,0.979748603352,0.975698324022,0.901518863302,0.882591093117,0.865533230294,53.253138198
4240,0.00718087182024,0.00826789097554,0.00920369348262,0.982451545312,0.979748603352,0.975698324022,0.901518863302,0.882591093117,0.865533230294,53.370961433
4250,0.00717643461103,0.00822275271197,0.00922054978386,0.982713462546,0.980446927374,0.975418994413,0.90284592738,0.887096774194,0.864197530864,53.488634667
4260,0.00717615451737,0.00821292486525,0.00922149289441,0.982800768291,0.980446927374,0.975418994413,0.90338401177,0.887096774194,0.864197530864,53.609091128
4270,0.00718341902929,0.0082052552052,0.00921484553034,0.982626156801,0.980446927374,0.975698324022,0.902307314678,0.886639676113,0.865533230294,53.726119921
4280,0.00717477236634,0.00819841354106,0.00920087630728,0.982538851056,0.980446927374,0.975418994413,0.901768172888,0.886639676113,0.863777089783,53.84512085
4290,0.00717418325393,0.00821678610323,0.00920385285334,0.982626156801,0.980446927374,0.975418994413,0.902211302211,0.886639676113,0.863777089783,53.96431268
4300,0.0071730929736,0.00821679559102,0.00920740155755,0.982713462546,0.980446927374,0.975418994413,0.902750491159,0.886639676113,0.863777089783,54.082222718
4310,0.00719230493493,0.00830221115889,0.00918469249662,0.982800768291,0.979399441341,0.97625698324,0.902907836373,0.87983706721,0.867807153966,54.200965476
4320,0.00716899652384,0.00820840021568,0.00920973336298,0.982626156801,0.980446927374,0.975418994413,0.902307314678,0.886639676113,0.863777089783,54.331395079
4330,0.00724429379018,0.00855266639556,0.00916397037588,0.982189628078,0.979748603352,0.975698324022,0.899109792285,0.881632653061,0.864696734059,54.451269796
4340,0.00717181426897,0.00820860491022,0.0092146459185,0.982451545312,0.980097765363,0.975977653631,0.901422265817,0.884848484848,0.867283950617,54.573052617
4350,0.00716635043621,0.00820406933368,0.00920938993779,0.982451545312,0.980446927374,0.975418994413,0.901422265817,0.886639676113,0.863777089783,54.695997227
4360,0.00716579305964,0.00820486335292,0.00921095255329,0.982451545312,0.980446927374,0.975418994413,0.901422265817,0.886639676113,0.863777089783,54.814912972
4370,0.00719051776959,0.00818746561801,0.00914572027814,0.982364239567,0.981145251397,0.975977653631,0.900394477318,0.890243902439,0.866873065015,54.934835347
4380,0.00716540669871,0.00819739955027,0.00921384685392,0.982451545312,0.980446927374,0.975418994413,0.901422265817,0.886639676113,0.863777089783,55.053644728
4390,0.0072125037713,0.0082409425681,0.00911690265732,0.982451545312,0.981145251397,0.975698324022,0.90044576523,0.890243902439,0.864696734059,55.171695709
4400,0.00729602612511,0.00826269292868,0.00941331347349,0.982451545312,0.981145251397,0.974581005587,0.90285161914,0.892430278884,0.86191198786,55.289161884
4410,0.00716811455895,0.0081602340011,0.00923564260684,0.982364239567,0.980446927374,0.975418994413,0.900980392157,0.886639676113,0.863777089783,55.408932443
4420,0.00717981741281,0.00819478063269,0.00923801878098,0.982276933822,0.980446927374,0.975698324022,0.900147565175,0.886639676113,0.865533230294,55.530967432
4430,0.00716183530425,0.00818705781331,0.00918797280686,0.982451545312,0.980446927374,0.975698324022,0.901228501229,0.886639676113,0.865533230294,55.651495265
4440,0.00716165662917,0.00819145069571,0.00919068124436,0.982538851056,0.980446927374,0.975418994413,0.901671583088,0.886639676113,0.863777089783,55.771772853
4450,0.00761560817496,0.00819641037063,0.00974016234353,0.981054653396,0.981145251397,0.975418994413,0.895723209995,0.893700787402,0.867069486405,55.889977323
4460,0.0071583289433,0.00819056530363,0.00918659131552,0.982626156801,0.980446927374,0.975418994413,0.902307314678,0.886639676113,0.863777089783,56.007580586
4470,0.00717917684687,0.00813982254505,0.0091730302117,0.982626156801,0.980796089385,0.97625698324,0.90249877511,0.888888888889,0.869029275809,56.1255515
4480,0.00715701193259,0.0081750088371,0.00921471994308,0.982713462546,0.980446927374,0.975977653631,0.902941176471,0.886639676113,0.867692307692,56.242655887
4490,0.00729817376666,0.00847301674247,0.00914818194264,0.982276933822,0.979399441341,0.976815642458,0.898753117207,0.878350515464,0.870109546166,56.361594945
4500,0.00715724596857,0.00819022344238,0.00920433826299,0.982800768291,0.980446927374,0.975698324022,0.903289150712,0.886639676113,0.86594761171,56.480846575
4510,0.0071552758155,0.00817728086986,0.00921206030258,0.982713462546,0.980446927374,0.975977653631,0.902941176471,0.886639676113,0.867692307692,56.598488988
4520,0.00748575334308,0.00884846600401,0.00926348569298,0.982189628078,0.978351955307,0.976815642458,0.898709036743,0.872427983539,0.870917573872,56.717115192
4530,0.00715688389789,0.00816376943437,0.00922746977746,0.982538851056,0.980446927374,0.976536312849,0.902056807052,0.887096774194,0.870769230769,56.836320481
4540,0.00715492762397,0.00819214874731,0.0092102489103,0.982626156801,0.980097765363,0.97625698324,0.902403138794,0.884381338742,0.869029275809,56.952963834
4550,0.00749451335938,0.00857001569471,0.00906131457622,0.981403876375,0.97905027933,0.977094972067,0.892803220936,0.876033057851,0.869841269841,57.069943327
4560,0.00715278733808,0.00816118983766,0.00920700944141,0.982538851056,0.980446927374,0.97625698324,0.901960784314,0.886639676113,0.869029275809,57.188482573
4570,0.00715739892432,0.00821642319891,0.00921091520069,0.982538851056,0.980097765363,0.97625698324,0.901960784314,0.884381338742,0.869029275809,57.308137863
4580,0.00714993478761,0.00815015018333,0.00921152881303,0.982538851056,0.980446927374,0.97625698324,0.901960784314,0.886639676113,0.869029275809,57.424374563
4590,0.00715646507738,0.00815820811793,0.00920405288365,0.982364239567,0.980446927374,0.97625698324,0.900980392157,0.886639676113,0.869029275809,57.541699843
4600,0.00714953042532,0.00815241940269,0.00920793583661,0.982538851056,0.980446927374,0.976536312849,0.901960784314,0.886639676113,0.87037037037,57.661324911
4610,0.00714751066299,0.00810485450491,0.00922594167586,0.982626156801,0.980446927374,0.975977653631,0.90249877511,0.886639676113,0.867692307692,57.779149492
4620,0.00722773830606,0.00849255205679,0.00925511539226,0.982800768291,0.980446927374,0.975698324022,0.90223325062,0.884773662551,0.863422291994,57.897408315
4630,0.00714342584509,0.00814892606134,0.00920566708613,0.982800768291,0.980446927374,0.975977653631,0.903289150712,0.886639676113,0.866873065015,58.017785743
4640,0.00714397092174,0.00813143164099,0.00920288565384,0.982626156801,0.980446927374,0.975977653631,0.90249877511,0.886639676113,0.867283950617,58.137606972
4650,0.00717143061944,0.00824208293797,0.0092083611799,0.982451545312,0.979748603352,0.975698324022,0.901228501229,0.882113821138,0.865533230294,58.255145111
4660,0.00714537763346,0.00814348545487,0.00923550322911,0.982538851056,0.980446927374,0.975418994413,0.902248289345,0.886639676113,0.865030674847,58.374047596
4670,0.00720843470417,0.00831116861277,0.00915465893707,0.982189628078,0.980097765363,0.976536312849,0.899308983218,0.883435582822,0.869969040248,58.492518446
4680,0.00714068847518,0.00812449067459,0.00921329973363,0.982626156801,0.980446927374,0.97625698324,0.90249877511,0.886639676113,0.869029275809,58.61068306
4690,0.00714132904285,0.00812427329527,0.0092164559085,0.982626156801,0.980446927374,0.97625698324,0.90249877511,0.886639676113,0.869029275809,58.735186883
4700,0.00714070095255,0.0081280151764,0.00921044835479,0.982626156801,0.980446927374,0.97625698324,0.902403138794,0.886639676113,0.869029275809,58.852382516
4710,0.00714285298456,0.0081774388207,0.00919881007745,0.982800768291,0.980097765363,0.976536312849,0.90338401177,0.884381338742,0.87037037037,58.970497232
4720,0.00714569443769,0.00809927041444,0.00926301794548,0.982800768291,0.980796089385,0.975418994413,0.903573176701,0.888888888889,0.865030674847,59.08998478
4730,0.00716099731444,0.00803162878144,0.00923815690353,0.982713462546,0.981145251397,0.976536312849,0.903225806452,0.891129032258,0.871165644172,59.214416834
4740,0.00713958742844,0.00812130300514,0.00921077219468,0.982713462546,0.980446927374,0.97625698324,0.902941176471,0.886639676113,0.869029275809,59.334230166
4750,0.00713958159605,0.00813254271665,0.00921207510032,0.982626156801,0.980446927374,0.97625698324,0.902403138794,0.886639676113,0.869029275809,59.453122985
4760,0.00717290797085,0.00825282008621,0.00921187767457,0.982800768291,0.979399441341,0.975139664804,0.903098868667,0.880324543611,0.862442040185,59.612987524
4770,0.00713387675797,0.00811342276334,0.00923081502144,0.982626156801,0.980446927374,0.974860335196,0.90259422418,0.886639676113,0.861963190184,59.733705702
4780,0.00712987443483,0.00812916523768,0.00922849727252,0.982538851056,0.980446927374,0.974860335196,0.902056807052,0.886639676113,0.861963190184,59.855569526
4790,0.00712982005,0.00812663101527,0.00922904310384,0.982626156801,0.980446927374,0.974860335196,0.90249877511,0.886639676113,0.861963190184,59.976216161
4800,0.0071305883653,0.00812721201067,0.00922685591682,0.982626156801,0.980446927374,0.974860335196,0.902403138794,0.886639676113,0.861963190184,60.095175498
4810,0.00712731158571,0.00813549676865,0.00922262303959,0.982713462546,0.980446927374,0.974860335196,0.902941176471,0.886639676113,0.861963190184,60.216791091
4820,0.00712821950221,0.0081669339057,0.00921562855651,0.982888074035,0.980446927374,0.974860335196,0.903543307087,0.886639676113,0.861538461538,60.335988432
4830,0.00713206441883,0.00806666652698,0.00926219011063,0.982538851056,0.981494413408,0.975418994413,0.90243902439,0.893360160966,0.865443425076,60.455340737
4840,0.00712531240386,0.00813808287999,0.00923529609557,0.982626156801,0.980796089385,0.975139664804,0.902689486553,0.888888888889,0.863705972435,60.586058189
4850,0.0072252218441,0.00806649596079,0.0092926937559,0.982713462546,0.981494413408,0.975418994413,0.90350877193,0.893360160966,0.865853658537,60.706252115
4860,0.00712414143544,0.00812659054142,0.00923354469632,0.982713462546,0.980796089385,0.975418994413,0.90313111546,0.888888888889,0.865443425076,60.824121758
4870,0.00716881412213,0.0080455468777,0.00924326358769,0.982626156801,0.98219273743,0.975977653631,0.903163017032,0.897795591182,0.868902439024,60.945101521
4880,0.00713051998592,0.00813672474244,0.00926394387227,0.982451545312,0.980446927374,0.975418994413,0.901711491443,0.887096774194,0.865030674847,61.063407308
4890,0.00714223975735,0.00816505523929,0.00927226261105,0.982626156801,0.980796089385,0.975139664804,0.902689486553,0.889336016097,0.863705972435,61.180865267
4900,0.00712416917279,0.00814892233511,0.00924414273961,0.982713462546,0.980097765363,0.975418994413,0.90313111546,0.884848484848,0.865030674847,61.29680227
4910,0.00712199143396,0.0081311425854,0.00925006379691,0.982538851056,0.980796089385,0.975418994413,0.902248289345,0.889336016097,0.865443425076,61.417161411
4920,0.00712204272697,0.00812700950568,0.00925067725769,0.982538851056,0.980796089385,0.975418994413,0.902248289345,0.889336016097,0.865443425076,61.534980548
4930,0.00712217040896,0.00812238370367,0.00925102554393,0.982538851056,0.980796089385,0.975418994413,0.902248289345,0.889336016097,0.865443425076,61.655518334
4940,0.00714087124242,0.00812645952468,0.00924797563932,0.982538851056,0.980097765363,0.974581005587,0.902248289345,0.884848484848,0.860215053763,61.772024303
4950,0.00716300027423,0.00830341470314,0.00906199103791,0.98297537978,0.980796089385,0.975977653631,0.903129657228,0.887525562372,0.866043613707,61.89025946
4960,0.00713760453569,0.0081448284081,0.00923451709728,0.982626156801,0.980097765363,0.974860335196,0.902689486553,0.884848484848,0.861963190184,62.013592799
4970,0.00728283233239,0.00856484507332,0.00906945202498,0.982364239567,0.979748603352,0.976536312849,0.899100899101,0.880658436214,0.868338557994,62.133045683
4980,0.00718665837455,0.0082045787965,0.00927648873853,0.982276933822,0.979748603352,0.974581005587,0.900927281601,0.883534136546,0.860643185299,62.250409691
4990,0.00728756487268,0.00821371490588,0.00944181396235,0.982276933822,0.981494413408,0.974301675978,0.902074288471,0.895463510848,0.860606060606,62.374059921
5000,0.00711632350774,0.00814902446694,0.00920508262806,0.982626156801,0.980446927374,0.974860335196,0.90259422418,0.886639676113,0.861963190184,62.497015796